id,name,policy,status,before_nodes,before_n_nodes,before_inputs,before_internal_nodes,before_nonconstant_rules,before_constant_rules,before_vacuous,before_out_uniform,before_out_uniform_nonvacuous,before_locally_unate,before_MIN,before_MAX,before_MIN_MAX,before_is_conjunctive,before_is_disjunctive,before_is_AND_NOT,before_is_OR_NOT,before_is_AND_OR_NOT,before_is_AND_OR,before_is_AND_OR_NAND_NOR,before_AND_OR_NOT_out_uniform,before_AND_OR_NAND_NOR,before_AND_OR_NAND_NOR_out_uniform,before_homogeneous_MIN,before_homogeneous_MAX,before_signed_operator_homogeneous_AND,before_signed_operator_homogeneous_OR,before_homogeneous_gate,before_positive_AND,before_positive_OR,before_affine,before_reciprocal_support,before_all_internal_self_regulated,before_all_self_loop,before_self_loop_count,before_is_monotone,before_switchable_to_monotone,before_positive_edges,before_negative_edges,before_non_unate_edges,before_has_multi_input_rule,before_edges,before_max_indegree,after_nodes,after_n_nodes,after_inputs,after_internal_nodes,after_nonconstant_rules,after_constant_rules,after_vacuous,after_out_uniform,after_out_uniform_nonvacuous,after_locally_unate,after_MIN,after_MAX,after_MIN_MAX,after_is_conjunctive,after_is_disjunctive,after_is_AND_NOT,after_is_OR_NOT,after_is_AND_OR_NOT,after_is_AND_OR,after_is_AND_OR_NAND_NOR,after_AND_OR_NOT_out_uniform,after_AND_OR_NAND_NOR,after_AND_OR_NAND_NOR_out_uniform,after_homogeneous_MIN,after_homogeneous_MAX,after_signed_operator_homogeneous_AND,after_signed_operator_homogeneous_OR,after_homogeneous_gate,after_positive_AND,after_positive_OR,after_affine,after_reciprocal_support,after_all_internal_self_regulated,after_all_self_loop,after_self_loop_count,after_is_monotone,after_switchable_to_monotone,after_positive_edges,after_negative_edges,after_non_unate_edges,after_has_multi_input_rule,after_edges,after_max_indegree,bijection_verified,fixed_points_exact,fixed_points_count_or_lower_bound,all_rules_out_uniform,after_signed_operator_homogeneous,error,before_signed_operator_homogeneous
295579_1,Human rheumatoid arthritis synovial fibroblast matrix degradation.sbml,first,complete,203,203,68,135,135,0,False,False,False,True,False,False,False,False,False,False,False,False,False,False,False,False,False,False,False,False,False,False,False,False,False,False,False,False,0,False,False,257,31,0,True,288,18,76,76,68,8,8,0,False,False,False,False,False,False,False,False,False,False,False,False,False,False,False,False,False,False,False,False,False,False,False,False,False,False,True,True,8,False,False,114,61,35,True,210,60,True,False,257,False,,,
295579_1,Human rheumatoid arthritis synovial fibroblast matrix degradation.sbml,min_degree,complete,203,203,68,135,135,0,False,False,False,True,False,False,False,False,False,False,False,False,False,False,False,False,False,False,False,False,False,False,False,False,False,False,False,False,0,False,False,257,31,0,True,288,18,76,76,68,8,8,0,False,False,False,False,False,False,False,False,False,False,False,False,False,False,False,False,False,False,False,False,False,False,False,False,False,False,True,True,8,False,False,100,80,41,True,221,56,True,False,257,False,,,
295579_1,Human rheumatoid arthritis synovial fibroblast matrix degradation.sbml,min_growth,complete,203,203,68,135,135,0,False,False,False,True,False,False,False,False,False,False,False,False,False,False,False,False,False,False,False,False,False,False,False,False,False,False,False,False,0,False,False,257,31,0,True,288,18,76,76,68,8,8,0,False,False,False,False,False,False,False,False,False,False,False,False,False,False,False,False,False,False,False,False,False,False,False,False,False,False,True,True,8,False,False,95,75,18,True,188,50,True,False,257,False,,,
295579_1,Human rheumatoid arthritis synovial fibroblast matrix degradation.sbml,random,complete,203,203,68,135,135,0,False,False,False,True,False,False,False,False,False,False,False,False,False,False,False,False,False,False,False,False,False,False,False,False,False,False,False,False,0,False,False,257,31,0,True,288,18,76,76,68,8,8,0,False,False,False,False,False,False,False,False,False,False,False,False,False,False,False,False,False,False,False,False,False,False,False,False,False,False,True,True,8,False,False,147,50,31,True,228,65,True,False,257,False,,,
295578_1,Human rheumatoid arthritis synovial fibroblast cell proliferation.sbml,first,complete,244,244,75,169,169,0,False,False,False,True,False,False,False,False,False,False,False,False,False,False,False,False,False,False,False,False,False,False,False,False,False,False,False,False,0,False,False,330,42,0,True,372,18,84,84,75,9,9,0,False,False,False,False,False,False,False,False,False,False,False,False,False,False,False,False,False,False,False,False,False,False,False,False,False,False,True,True,9,False,False,114,62,35,True,211,60,True,True,0,False,,,
295578_1,Human rheumatoid arthritis synovial fibroblast cell proliferation.sbml,min_degree,complete,244,244,75,169,169,0,False,False,False,True,False,False,False,False,False,False,False,False,False,False,False,False,False,False,False,False,False,False,False,False,False,False,False,False,0,False,False,330,42,0,True,372,18,84,84,75,9,9,0,False,False,False,False,False,False,False,False,False,False,False,False,False,False,False,False,False,False,False,False,False,False,False,False,False,False,True,True,9,False,False,100,81,41,True,222,56,True,True,0,False,,,
295578_1,Human rheumatoid arthritis synovial fibroblast cell proliferation.sbml,min_growth,complete,244,244,75,169,169,0,False,False,False,True,False,False,False,False,False,False,False,False,False,False,False,False,False,False,False,False,False,False,False,False,False,False,False,False,0,False,False,330,42,0,True,372,18,84,84,75,9,9,0,False,False,False,False,False,False,False,False,False,False,False,False,False,False,False,False,False,False,False,False,False,False,False,False,False,False,True,True,9,False,False,95,76,18,True,189,50,True,True,0,False,,,
295578_1,Human rheumatoid arthritis synovial fibroblast cell proliferation.sbml,random,complete,244,244,75,169,169,0,False,False,False,True,False,False,False,False,False,False,False,False,False,False,False,False,False,False,False,False,False,False,False,False,False,False,False,False,0,False,False,330,42,0,True,372,18,84,84,75,9,9,0,False,False,False,False,False,False,False,False,False,False,False,False,False,False,False,False,False,False,False,False,False,False,False,False,False,False,True,True,9,False,False,163,67,37,True,267,64,True,True,0,False,,,
295577_1,Human rheumatoid arthritis synovial fibroblast bone erosion.sbml,first,complete,225,225,75,150,150,0,False,False,False,True,False,False,False,False,False,False,False,False,False,False,False,False,False,False,False,False,False,False,False,False,False,False,False,False,0,False,False,317,32,0,True,349,18,83,83,75,8,8,0,False,False,False,False,False,False,False,False,False,False,False,False,False,False,False,False,False,False,False,False,False,False,False,False,False,False,True,True,8,False,False,114,61,35,True,210,60,True,False,257,False,,,
295577_1,Human rheumatoid arthritis synovial fibroblast bone erosion.sbml,min_degree,complete,225,225,75,150,150,0,False,False,False,True,False,False,False,False,False,False,False,False,False,False,False,False,False,False,False,False,False,False,False,False,False,False,False,False,0,False,False,317,32,0,True,349,18,83,83,75,8,8,0,False,False,False,False,False,False,False,False,False,False,False,False,False,False,False,False,False,False,False,False,False,False,False,False,False,False,True,True,8,False,False,100,80,41,True,221,56,True,False,257,False,,,
295577_1,Human rheumatoid arthritis synovial fibroblast bone erosion.sbml,min_growth,complete,225,225,75,150,150,0,False,False,False,True,False,False,False,False,False,False,False,False,False,False,False,False,False,False,False,False,False,False,False,False,False,False,False,False,0,False,False,317,32,0,True,349,18,83,83,75,8,8,0,False,False,False,False,False,False,False,False,False,False,False,False,False,False,False,False,False,False,False,False,False,False,False,False,False,False,True,True,8,False,False,95,75,18,True,188,50,True,False,257,False,,,
295577_1,Human rheumatoid arthritis synovial fibroblast bone erosion.sbml,random,complete,225,225,75,150,150,0,False,False,False,True,False,False,False,False,False,False,False,False,False,False,False,False,False,False,False,False,False,False,False,False,False,False,False,False,0,False,False,317,32,0,True,349,18,83,83,75,8,8,0,False,False,False,False,False,False,False,False,False,False,False,False,False,False,False,False,False,False,False,False,False,False,False,False,False,False,True,True,8,False,False,159,65,40,True,264,65,True,False,257,False,,,
295576_1,Human rheumatoid arthritis synovial fibroblast Inflammation.sbml,first,complete,240,240,77,163,163,0,False,False,False,True,False,False,False,False,False,False,False,False,False,False,False,False,False,False,False,False,False,False,False,False,False,False,False,False,0,False,False,344,34,0,True,378,18,85,85,77,8,8,0,False,False,False,False,False,False,False,False,False,False,False,False,False,False,False,False,False,False,False,False,False,False,False,False,False,False,True,True,8,False,False,114,61,35,True,210,60,True,False,257,False,,,
295576_1,Human rheumatoid arthritis synovial fibroblast Inflammation.sbml,min_degree,complete,240,240,77,163,163,0,False,False,False,True,False,False,False,False,False,False,False,False,False,False,False,False,False,False,False,False,False,False,False,False,False,False,False,False,0,False,False,344,34,0,True,378,18,85,85,77,8,8,0,False,False,False,False,False,False,False,False,False,False,False,False,False,False,False,False,False,False,False,False,False,False,False,False,False,False,True,True,8,False,False,119,69,41,True,229,60,True,False,257,False,,,
295576_1,Human rheumatoid arthritis synovial fibroblast Inflammation.sbml,min_growth,complete,240,240,77,163,163,0,False,False,False,True,False,False,False,False,False,False,False,False,False,False,False,False,False,False,False,False,False,False,False,False,False,False,False,False,0,False,False,344,34,0,True,378,18,85,85,77,8,8,0,False,False,False,False,False,False,False,False,False,False,False,False,False,False,False,False,False,False,False,False,False,False,False,False,False,False,True,True,8,False,False,95,75,18,True,188,50,True,False,257,False,,,
295576_1,Human rheumatoid arthritis synovial fibroblast Inflammation.sbml,random,complete,240,240,77,163,163,0,False,False,False,True,False,False,False,False,False,False,False,False,False,False,False,False,False,False,False,False,False,False,False,False,False,False,False,False,0,False,False,344,34,0,True,378,18,85,85,77,8,8,0,False,False,False,False,False,False,False,False,False,False,False,False,False,False,False,False,False,False,False,False,False,False,False,False,False,False,True,True,8,False,False,129,74,44,True,247,63,True,False,257,False,,,
295575_1,Human rheumatoid arthritis synovial fibroblast apoptosis.sbml,first,complete,242,242,73,169,169,0,False,False,False,True,False,False,False,False,False,False,False,False,False,False,False,False,False,False,False,False,False,False,False,False,False,False,False,False,0,False,False,312,48,0,True,360,18,82,82,73,9,9,0,False,False,False,False,False,False,False,False,False,False,False,False,False,False,False,False,False,False,False,False,False,False,False,False,False,False,True,True,9,False,False,114,62,35,True,211,60,True,True,0,False,,,
295575_1,Human rheumatoid arthritis synovial fibroblast apoptosis.sbml,min_degree,complete,242,242,73,169,169,0,False,False,False,True,False,False,False,False,False,False,False,False,False,False,False,False,False,False,False,False,False,False,False,False,False,False,False,False,0,False,False,312,48,0,True,360,18,82,82,73,9,9,0,False,False,False,False,False,False,False,False,False,False,False,False,False,False,False,False,False,False,False,False,False,False,False,False,False,False,True,True,9,False,False,100,81,41,True,222,56,True,True,0,False,,,
295575_1,Human rheumatoid arthritis synovial fibroblast apoptosis.sbml,min_growth,complete,242,242,73,169,169,0,False,False,False,True,False,False,False,False,False,False,False,False,False,False,False,False,False,False,False,False,False,False,False,False,False,False,False,False,0,False,False,312,48,0,True,360,18,82,82,73,9,9,0,False,False,False,False,False,False,False,False,False,False,False,False,False,False,False,False,False,False,False,False,False,False,False,False,False,False,True,True,9,False,False,95,76,18,True,189,50,True,True,0,False,,,
295575_1,Human rheumatoid arthritis synovial fibroblast apoptosis.sbml,random,complete,242,242,73,169,169,0,False,False,False,True,False,False,False,False,False,False,False,False,False,False,False,False,False,False,False,False,False,False,False,False,False,False,False,False,0,False,False,312,48,0,True,360,18,82,82,73,9,9,0,False,False,False,False,False,False,False,False,False,False,False,False,False,False,False,False,False,False,False,False,False,False,False,False,False,False,True,True,9,False,False,159,73,37,True,269,66,True,True,0,False,,,
295574_1,Human rheumatoid arthritis synovial fibroblast five phenotypes.sbml,first,complete,321,321,88,233,233,0,False,False,False,True,False,False,False,False,False,False,False,False,False,False,False,False,False,False,False,False,False,False,False,False,False,False,False,False,0,False,False,452,63,0,True,515,18,97,97,88,9,9,0,False,False,False,False,False,False,False,False,False,False,False,False,False,False,False,False,False,False,False,False,False,False,False,False,False,False,True,True,9,False,False,114,62,35,True,211,60,True,True,0,False,,,
295574_1,Human rheumatoid arthritis synovial fibroblast five phenotypes.sbml,min_degree,complete,321,321,88,233,233,0,False,False,False,True,False,False,False,False,False,False,False,False,False,False,False,False,False,False,False,False,False,False,False,False,False,False,False,False,0,False,False,452,63,0,True,515,18,97,97,88,9,9,0,False,False,False,False,False,False,False,False,False,False,False,False,False,False,False,False,False,False,False,False,False,False,False,False,False,False,True,True,9,False,False,119,70,41,True,230,60,True,True,0,False,,,
295574_1,Human rheumatoid arthritis synovial fibroblast five phenotypes.sbml,min_growth,complete,321,321,88,233,233,0,False,False,False,True,False,False,False,False,False,False,False,False,False,False,False,False,False,False,False,False,False,False,False,False,False,False,False,False,0,False,False,452,63,0,True,515,18,97,97,88,9,9,0,False,False,False,False,False,False,False,False,False,False,False,False,False,False,False,False,False,False,False,False,False,False,False,False,False,False,True,True,9,False,False,95,76,18,True,189,50,True,True,0,False,,,
295574_1,Human rheumatoid arthritis synovial fibroblast five phenotypes.sbml,random,complete,321,321,88,233,233,0,False,False,False,True,False,False,False,False,False,False,False,False,False,False,False,False,False,False,False,False,False,False,False,False,False,False,False,False,0,False,False,452,63,0,True,515,18,97,97,88,9,9,0,False,False,False,False,False,False,False,False,False,False,False,False,False,False,False,False,False,False,False,False,False,False,False,False,False,False,True,True,9,False,False,151,49,34,True,234,66,True,True,0,False,,,
49567_1,Virtual chondrocyte - GRN layer,first,complete,60,60,0,60,43,17,False,False,False,True,False,False,False,False,False,False,False,False,False,False,False,False,False,False,False,False,False,False,False,False,False,False,False,False,4,False,False,101,20,0,True,121,11,5,5,0,5,5,0,False,False,False,True,False,False,False,False,False,False,False,False,False,False,False,False,False,False,False,False,False,False,False,False,False,False,True,True,5,False,False,6,5,0,True,11,4,True,True,11,False,,,
49567_1,Virtual chondrocyte - GRN layer,min_degree,complete,60,60,0,60,43,17,False,False,False,True,False,False,False,False,False,False,False,False,False,False,False,False,False,False,False,False,False,False,False,False,False,False,False,False,4,False,False,101,20,0,True,121,11,5,5,0,5,5,0,False,False,False,True,False,False,False,False,False,False,False,False,False,False,False,False,False,False,False,False,False,False,False,False,False,False,True,True,5,False,False,6,5,0,True,11,4,True,True,11,False,,,
49567_1,Virtual chondrocyte - GRN layer,min_growth,complete,60,60,0,60,43,17,False,False,False,True,False,False,False,False,False,False,False,False,False,False,False,False,False,False,False,False,False,False,False,False,False,False,False,False,4,False,False,101,20,0,True,121,11,5,5,0,5,5,0,False,False,False,True,False,False,False,False,False,False,False,False,False,False,False,False,False,False,False,False,False,False,False,False,False,False,True,True,5,False,False,6,5,0,True,11,4,True,True,11,False,,,
49567_1,Virtual chondrocyte - GRN layer,random,complete,60,60,0,60,43,17,False,False,False,True,False,False,False,False,False,False,False,False,False,False,False,False,False,False,False,False,False,False,False,False,False,False,False,False,4,False,False,101,20,0,True,121,11,5,5,0,5,5,0,False,False,False,True,False,False,False,False,False,False,False,False,False,False,False,False,False,False,False,False,False,False,False,False,False,False,True,True,5,False,False,6,5,0,True,11,4,True,True,11,False,,,
49566_1,Virtual chondrocyte - PPI layer,first,complete,60,60,0,60,44,16,False,False,False,True,False,False,False,False,False,False,False,False,False,False,False,False,False,False,False,False,False,False,False,False,False,False,False,False,0,False,False,57,28,0,True,85,8,0,0,0,0,0,0,True,True,False,True,False,False,False,False,False,False,False,False,False,False,False,False,False,False,False,False,False,False,False,False,False,True,True,True,0,False,True,0,0,0,False,0,0,True,True,1,True,,,
49566_1,Virtual chondrocyte - PPI layer,min_degree,complete,60,60,0,60,44,16,False,False,False,True,False,False,False,False,False,False,False,False,False,False,False,False,False,False,False,False,False,False,False,False,False,False,False,False,0,False,False,57,28,0,True,85,8,0,0,0,0,0,0,True,True,False,True,False,False,False,False,False,False,False,False,False,False,False,False,False,False,False,False,False,False,False,False,False,True,True,True,0,False,True,0,0,0,False,0,0,True,True,1,True,,,
49566_1,Virtual chondrocyte - PPI layer,min_growth,complete,60,60,0,60,44,16,False,False,False,True,False,False,False,False,False,False,False,False,False,False,False,False,False,False,False,False,False,False,False,False,False,False,False,False,0,False,False,57,28,0,True,85,8,0,0,0,0,0,0,True,True,False,True,False,False,False,False,False,False,False,False,False,False,False,False,False,False,False,False,False,False,False,False,False,True,True,True,0,False,True,0,0,0,False,0,0,True,True,1,True,,,
49566_1,Virtual chondrocyte - PPI layer,random,complete,60,60,0,60,44,16,False,False,False,True,False,False,False,False,False,False,False,False,False,False,False,False,False,False,False,False,False,False,False,False,False,False,False,False,0,False,False,57,28,0,True,85,8,0,0,0,0,0,0,True,True,False,True,False,False,False,False,False,False,False,False,False,False,False,False,False,False,False,False,False,False,False,False,False,True,True,True,0,False,True,0,0,0,False,0,0,True,True,1,True,,,
241389_1,CD4 T cell dynamics - Workshop v2,first,complete,16,16,10,6,6,0,False,False,False,True,False,False,False,False,False,False,False,False,False,False,False,False,False,False,False,False,False,False,False,False,False,False,False,False,4,False,False,16,14,0,True,30,8,14,14,10,4,4,0,False,False,False,True,False,False,False,False,False,False,False,False,False,False,False,False,False,False,False,False,False,False,False,False,False,False,True,True,4,False,False,14,14,0,True,28,8,True,False,257,False,,,
241389_1,CD4 T cell dynamics - Workshop v2,min_degree,complete,16,16,10,6,6,0,False,False,False,True,False,False,False,False,False,False,False,False,False,False,False,False,False,False,False,False,False,False,False,False,False,False,False,False,4,False,False,16,14,0,True,30,8,14,14,10,4,4,0,False,False,False,True,False,False,False,False,False,False,False,False,False,False,False,False,False,False,False,False,False,False,False,False,False,False,True,True,4,False,False,14,14,0,True,28,8,True,False,257,False,,,
241389_1,CD4 T cell dynamics - Workshop v2,min_growth,complete,16,16,10,6,6,0,False,False,False,True,False,False,False,False,False,False,False,False,False,False,False,False,False,False,False,False,False,False,False,False,False,False,False,False,4,False,False,16,14,0,True,30,8,14,14,10,4,4,0,False,False,False,True,False,False,False,False,False,False,False,False,False,False,False,False,False,False,False,False,False,False,False,False,False,False,True,True,4,False,False,14,14,0,True,28,8,True,False,257,False,,,
241389_1,CD4 T cell dynamics - Workshop v2,random,complete,16,16,10,6,6,0,False,False,False,True,False,False,False,False,False,False,False,False,False,False,False,False,False,False,False,False,False,False,False,False,False,False,False,False,4,False,False,16,14,0,True,30,8,14,14,10,4,4,0,False,False,False,True,False,False,False,False,False,False,False,False,False,False,False,False,False,False,False,False,False,False,False,False,False,False,True,True,4,False,False,14,14,0,True,28,8,True,False,257,False,,,
91515_1,Immune System Model,first,complete,164,164,13,151,151,0,False,False,False,False,False,False,False,False,False,False,False,False,False,False,False,False,False,False,False,False,False,False,False,False,False,False,False,False,11,False,False,403,77,2,True,482,20,40,40,13,27,27,0,False,False,False,False,False,False,False,False,False,False,False,False,False,False,False,False,False,False,False,False,False,False,False,False,False,False,True,True,27,False,False,185,244,23,True,452,34,True,False,257,False,,,
91515_1,Immune System Model,min_degree,complete,164,164,13,151,151,0,False,False,False,False,False,False,False,False,False,False,False,False,False,False,False,False,False,False,False,False,False,False,False,False,False,False,False,False,11,False,False,403,77,2,True,482,20,34,34,13,21,21,0,False,False,False,False,False,False,False,False,False,False,False,False,False,False,False,False,False,False,False,False,False,False,False,False,False,False,True,True,21,False,False,124,128,23,True,275,25,True,False,257,False,,,
91515_1,Immune System Model,min_growth,complete,164,164,13,151,151,0,False,False,False,False,False,False,False,False,False,False,False,False,False,False,False,False,False,False,False,False,False,False,False,False,False,False,False,False,11,False,False,403,77,2,True,482,20,34,34,13,21,21,0,False,False,False,False,False,False,False,False,False,False,False,False,False,False,False,False,False,False,False,False,False,False,False,False,False,False,True,True,21,False,False,124,128,23,True,275,25,True,False,257,False,,,
91515_1,Immune System Model,random,complete,164,164,13,151,151,0,False,False,False,False,False,False,False,False,False,False,False,False,False,False,False,False,False,False,False,False,False,False,False,False,False,False,False,False,11,False,False,403,77,2,True,482,20,38,38,13,25,25,0,False,False,False,False,False,False,False,False,False,False,False,False,False,False,False,False,False,False,False,False,False,False,False,False,False,False,True,True,25,False,False,215,170,48,True,433,33,True,False,257,False,,,
2738_1,HIV-1 interactions with T Cell Signalling Pathway,first,complete,138,138,14,124,123,1,False,False,False,True,False,False,False,False,False,False,False,False,False,False,False,False,False,False,False,False,False,False,False,False,False,False,False,False,0,False,False,281,21,0,True,302,15,23,23,14,9,9,0,False,False,False,False,False,False,False,False,False,False,False,False,False,False,False,False,False,False,False,False,False,False,False,False,False,False,True,True,9,False,False,62,19,5,True,86,15,True,False,257,False,,,
2738_1,HIV-1 interactions with T Cell Signalling Pathway,min_degree,complete,138,138,14,124,123,1,False,False,False,True,False,False,False,False,False,False,False,False,False,False,False,False,False,False,False,False,False,False,False,False,False,False,False,False,0,False,False,281,21,0,True,302,15,18,18,14,4,4,0,False,False,False,True,False,False,False,False,False,False,False,False,False,False,False,False,False,False,False,False,False,False,False,False,False,False,True,True,4,False,False,18,1,0,True,19,9,True,False,257,False,,,
2738_1,HIV-1 interactions with T Cell Signalling Pathway,min_growth,complete,138,138,14,124,123,1,False,False,False,True,False,False,False,False,False,False,False,False,False,False,False,False,False,False,False,False,False,False,False,False,False,False,False,False,0,False,False,281,21,0,True,302,15,18,18,14,4,4,0,False,False,False,True,False,False,False,False,False,False,False,False,False,False,False,False,False,False,False,False,False,False,False,False,False,False,True,True,4,False,False,18,1,0,True,19,9,True,False,257,False,,,
2738_1,HIV-1 interactions with T Cell Signalling Pathway,random,complete,138,138,14,124,123,1,False,False,False,True,False,False,False,False,False,False,False,False,False,False,False,False,False,False,False,False,False,False,False,False,False,False,False,False,0,False,False,281,21,0,True,302,15,21,21,14,7,7,0,False,False,False,True,False,False,False,False,False,False,False,False,False,False,False,False,False,False,False,False,False,False,False,False,False,False,True,True,7,False,False,39,13,0,True,52,13,True,False,257,False,,,
2171_1,T Cell Receptor Signaling,first,complete,101,101,7,94,94,0,False,False,False,True,False,False,False,False,False,False,False,False,False,False,False,False,False,False,False,False,False,False,False,False,False,False,False,False,0,False,False,128,30,0,True,158,6,10,10,7,3,3,0,False,False,False,True,False,False,False,False,False,False,False,False,False,False,False,False,False,False,False,False,False,False,False,False,False,False,True,True,3,False,False,9,7,0,True,16,7,True,True,104,False,,,
2171_1,T Cell Receptor Signaling,min_degree,complete,101,101,7,94,94,0,False,False,False,True,False,False,False,False,False,False,False,False,False,False,False,False,False,False,False,False,False,False,False,False,False,False,False,False,0,False,False,128,30,0,True,158,6,9,9,7,2,2,0,False,False,False,True,False,False,False,False,False,False,False,False,False,False,False,False,False,False,False,False,False,False,False,False,False,False,True,True,2,False,False,6,3,0,True,9,5,True,True,104,False,,,
2171_1,T Cell Receptor Signaling,min_growth,complete,101,101,7,94,94,0,False,False,False,True,False,False,False,False,False,False,False,False,False,False,False,False,False,False,False,False,False,False,False,False,False,False,False,False,0,False,False,128,30,0,True,158,6,9,9,7,2,2,0,False,False,False,True,False,False,False,False,False,False,False,False,False,False,False,False,False,False,False,False,False,False,False,False,False,False,True,True,2,False,False,6,3,0,True,9,5,True,True,104,False,,,
2171_1,T Cell Receptor Signaling,random,complete,101,101,7,94,94,0,False,False,False,True,False,False,False,False,False,False,False,False,False,False,False,False,False,False,False,False,False,False,False,False,False,False,False,False,0,False,False,128,30,0,True,158,6,10,10,7,3,3,0,False,False,False,True,False,False,False,False,False,False,False,False,False,False,False,False,False,False,False,False,False,False,False,False,False,False,True,True,3,False,False,9,7,0,True,16,7,True,True,104,False,,,
36604_1,Signaling Pathway for Butanol Production in Clostridium beijerinckii NRRL B-598,first,complete,66,66,7,59,53,6,False,False,False,True,False,False,False,False,False,False,False,False,False,False,False,False,False,False,False,False,False,False,False,False,False,False,False,False,1,False,False,102,32,0,True,134,7,10,10,7,3,3,0,False,False,False,False,False,False,False,False,False,False,False,False,False,False,False,False,False,False,False,False,False,False,False,False,False,False,True,True,3,False,False,8,6,1,True,15,5,True,True,32,False,,,
36604_1,Signaling Pathway for Butanol Production in Clostridium beijerinckii NRRL B-598,min_degree,complete,66,66,7,59,53,6,False,False,False,True,False,False,False,False,False,False,False,False,False,False,False,False,False,False,False,False,False,False,False,False,False,False,False,False,1,False,False,102,32,0,True,134,7,10,10,7,3,3,0,False,False,False,False,False,False,False,False,False,False,False,False,False,False,False,False,False,False,False,False,False,False,False,False,False,False,True,True,3,False,False,8,6,1,True,15,5,True,True,32,False,,,
36604_1,Signaling Pathway for Butanol Production in Clostridium beijerinckii NRRL B-598,min_growth,complete,66,66,7,59,53,6,False,False,False,True,False,False,False,False,False,False,False,False,False,False,False,False,False,False,False,False,False,False,False,False,False,False,False,False,1,False,False,102,32,0,True,134,7,10,10,7,3,3,0,False,False,False,False,False,False,False,False,False,False,False,False,False,False,False,False,False,False,False,False,False,False,False,False,False,False,True,True,3,False,False,8,6,1,True,15,5,True,True,32,False,,,
36604_1,Signaling Pathway for Butanol Production in Clostridium beijerinckii NRRL B-598,random,complete,66,66,7,59,53,6,False,False,False,True,False,False,False,False,False,False,False,False,False,False,False,False,False,False,False,False,False,False,False,False,False,False,False,False,1,False,False,102,32,0,True,134,7,10,10,7,3,3,0,False,False,False,False,False,False,False,False,False,False,False,False,False,False,False,False,False,False,False,False,False,False,False,False,False,False,True,True,3,False,False,8,6,1,True,15,5,True,True,32,False,,,
36604_2,Signaling Pathway for Butanol Production in Clostridium beijerinckii NRRL B-598,first,complete,66,66,8,58,53,5,False,False,False,True,False,False,False,False,False,False,False,False,False,False,False,False,False,False,False,False,False,False,False,False,False,False,False,False,1,False,False,103,31,0,True,134,7,11,11,8,3,3,0,False,False,False,False,False,False,False,False,False,False,False,False,False,False,False,False,False,False,False,False,False,False,False,False,False,False,True,True,3,False,False,8,6,1,True,15,5,True,True,64,False,,,
36604_2,Signaling Pathway for Butanol Production in Clostridium beijerinckii NRRL B-598,min_degree,complete,66,66,8,58,53,5,False,False,False,True,False,False,False,False,False,False,False,False,False,False,False,False,False,False,False,False,False,False,False,False,False,False,False,False,1,False,False,103,31,0,True,134,7,11,11,8,3,3,0,False,False,False,False,False,False,False,False,False,False,False,False,False,False,False,False,False,False,False,False,False,False,False,False,False,False,True,True,3,False,False,8,6,1,True,15,5,True,True,64,False,,,
36604_2,Signaling Pathway for Butanol Production in Clostridium beijerinckii NRRL B-598,min_growth,complete,66,66,8,58,53,5,False,False,False,True,False,False,False,False,False,False,False,False,False,False,False,False,False,False,False,False,False,False,False,False,False,False,False,False,1,False,False,103,31,0,True,134,7,11,11,8,3,3,0,False,False,False,False,False,False,False,False,False,False,False,False,False,False,False,False,False,False,False,False,False,False,False,False,False,False,True,True,3,False,False,8,6,1,True,15,5,True,True,64,False,,,
36604_2,Signaling Pathway for Butanol Production in Clostridium beijerinckii NRRL B-598,random,complete,66,66,8,58,53,5,False,False,False,True,False,False,False,False,False,False,False,False,False,False,False,False,False,False,False,False,False,False,False,False,False,False,False,False,1,False,False,103,31,0,True,134,7,11,11,8,3,3,0,False,False,False,False,False,False,False,False,False,False,False,False,False,False,False,False,False,False,False,False,False,False,False,False,False,False,True,True,3,False,False,9,7,1,True,17,6,True,True,64,False,,,
2202_1,Neurotransmitter Signaling Pathway,first,complete,16,16,0,16,16,0,False,False,False,True,False,False,True,False,False,False,False,True,False,False,False,False,False,False,False,False,False,False,False,False,False,False,False,False,2,False,False,17,5,0,True,22,3,3,3,0,3,3,0,False,True,True,True,True,False,True,False,False,True,False,True,False,False,True,False,False,True,False,True,False,False,False,False,False,False,True,True,3,False,False,3,1,0,True,4,2,True,True,2,True,AND,,
2202_1,Neurotransmitter Signaling Pathway,min_degree,complete,16,16,0,16,16,0,False,False,False,True,False,False,True,False,False,False,False,True,False,False,False,False,False,False,False,False,False,False,False,False,False,False,False,False,2,False,False,17,5,0,True,22,3,3,3,0,3,3,0,False,True,True,True,True,False,True,False,False,True,False,True,False,False,True,False,False,True,False,True,False,False,False,False,False,False,True,True,3,False,False,3,1,0,True,4,2,True,True,2,True,AND,,
2202_1,Neurotransmitter Signaling Pathway,min_growth,complete,16,16,0,16,16,0,False,False,False,True,False,False,True,False,False,False,False,True,False,False,False,False,False,False,False,False,False,False,False,False,False,False,False,False,2,False,False,17,5,0,True,22,3,3,3,0,3,3,0,False,True,True,True,True,False,True,False,False,True,False,True,False,False,True,False,False,True,False,True,False,False,False,False,False,False,True,True,3,False,False,3,1,0,True,4,2,True,True,2,True,AND,,
2202_1,Neurotransmitter Signaling Pathway,random,complete,16,16,0,16,16,0,False,False,False,True,False,False,True,False,False,False,False,True,False,False,False,False,False,False,False,False,False,False,False,False,False,False,False,False,2,False,False,17,5,0,True,22,3,3,3,0,3,3,0,False,True,True,True,True,False,True,False,False,True,False,True,False,False,True,False,False,True,False,True,False,False,False,False,False,False,True,True,3,False,False,3,1,0,True,4,2,True,True,2,True,AND,,
1607_1,Mammalian Cell Cycle,first,complete,20,20,1,19,19,0,False,False,False,True,False,False,False,False,False,False,False,False,False,False,False,False,False,False,False,False,False,False,False,False,False,False,False,False,0,False,False,38,12,0,True,50,5,2,2,1,1,1,0,False,True,True,True,True,False,True,False,False,True,False,True,False,False,True,False,False,True,False,True,False,False,False,False,False,False,True,True,1,False,True,1,1,0,True,2,2,True,True,3,False,AND,,
1607_1,Mammalian Cell Cycle,min_degree,complete,20,20,1,19,19,0,False,False,False,True,False,False,False,False,False,False,False,False,False,False,False,False,False,False,False,False,False,False,False,False,False,False,False,False,0,False,False,38,12,0,True,50,5,3,3,1,2,2,0,False,True,True,True,False,True,True,False,True,False,True,True,True,True,True,True,True,False,True,False,True,True,False,True,False,False,True,True,2,True,True,6,0,0,True,6,3,True,True,3,True,OR,,
1607_1,Mammalian Cell Cycle,min_growth,complete,20,20,1,19,19,0,False,False,False,True,False,False,False,False,False,False,False,False,False,False,False,False,False,False,False,False,False,False,False,False,False,False,False,False,0,False,False,38,12,0,True,50,5,2,2,1,1,1,0,False,True,True,True,True,False,True,False,False,True,False,True,False,False,True,False,False,True,False,True,False,False,False,False,False,False,True,True,1,False,True,1,1,0,True,2,2,True,True,3,False,AND,,
1607_1,Mammalian Cell Cycle,random,complete,20,20,1,19,19,0,False,False,False,True,False,False,False,False,False,False,False,False,False,False,False,False,False,False,False,False,False,False,False,False,False,False,False,False,0,False,False,38,12,0,True,50,5,2,2,1,1,1,0,False,True,True,True,True,False,True,False,False,True,False,True,False,False,True,False,False,True,False,True,False,False,False,False,False,False,True,True,1,False,True,1,1,0,True,2,2,True,True,3,False,AND,,
2407_1,T-LGL Survival Network 2011,first,complete,60,60,6,54,54,0,False,False,False,True,False,False,False,False,False,False,False,False,False,False,False,False,False,False,False,False,False,False,False,False,False,False,False,False,5,False,False,111,84,0,True,195,7,16,16,6,10,10,0,False,False,False,False,False,False,False,False,False,False,False,False,False,False,False,False,False,False,False,False,False,False,False,False,False,False,True,True,10,False,False,46,31,7,True,84,13,True,True,82,False,,,
2407_1,T-LGL Survival Network 2011,min_degree,complete,60,60,6,54,54,0,False,False,False,True,False,False,False,False,False,False,False,False,False,False,False,False,False,False,False,False,False,False,False,False,False,False,False,False,5,False,False,111,84,0,True,195,7,15,15,6,9,9,0,False,False,False,False,False,False,False,False,False,False,False,False,False,False,False,False,False,False,False,False,False,False,False,False,False,False,True,True,9,False,False,37,21,4,True,62,12,True,True,82,False,,,
2407_1,T-LGL Survival Network 2011,min_growth,complete,60,60,6,54,54,0,False,False,False,True,False,False,False,False,False,False,False,False,False,False,False,False,False,False,False,False,False,False,False,False,False,False,False,False,5,False,False,111,84,0,True,195,7,15,15,6,9,9,0,False,False,False,False,False,False,False,False,False,False,False,False,False,False,False,False,False,False,False,False,False,False,False,False,False,False,True,True,9,False,False,37,21,4,True,62,12,True,True,82,False,,,
2407_1,T-LGL Survival Network 2011,random,complete,60,60,6,54,54,0,False,False,False,True,False,False,False,False,False,False,False,False,False,False,False,False,False,False,False,False,False,False,False,False,False,False,False,False,5,False,False,111,84,0,True,195,7,17,17,6,11,11,0,False,False,False,False,False,False,False,False,False,False,False,False,False,False,False,False,False,False,False,False,False,False,False,False,False,False,True,True,11,False,False,40,25,8,True,73,11,True,True,82,False,,,
7916_1,Aurora Kinase A in Neuroblastoma,first,complete,23,23,4,19,19,0,False,False,False,True,False,False,False,False,False,False,False,False,False,False,False,False,False,False,False,False,False,False,False,False,False,False,False,False,1,False,False,23,20,0,True,43,7,6,6,4,2,2,0,False,False,False,True,False,False,False,False,False,False,False,False,False,False,False,False,False,False,False,False,False,False,False,False,False,False,True,True,2,False,False,5,1,0,True,6,4,True,True,16,False,,,
7916_1,Aurora Kinase A in Neuroblastoma,min_degree,complete,23,23,4,19,19,0,False,False,False,True,False,False,False,False,False,False,False,False,False,False,False,False,False,False,False,False,False,False,False,False,False,False,False,False,1,False,False,23,20,0,True,43,7,6,6,4,2,2,0,False,False,False,True,False,False,False,False,False,False,False,False,False,False,False,False,False,False,False,False,False,False,False,False,False,False,True,True,2,False,False,5,1,0,True,6,4,True,True,16,False,,,
7916_1,Aurora Kinase A in Neuroblastoma,min_growth,complete,23,23,4,19,19,0,False,False,False,True,False,False,False,False,False,False,False,False,False,False,False,False,False,False,False,False,False,False,False,False,False,False,False,False,1,False,False,23,20,0,True,43,7,6,6,4,2,2,0,False,True,True,True,True,False,True,False,False,True,False,True,False,False,True,False,False,True,False,True,False,False,False,False,False,False,True,True,2,False,False,2,1,0,True,3,2,True,True,16,True,AND,,
7916_1,Aurora Kinase A in Neuroblastoma,random,complete,23,23,4,19,19,0,False,False,False,True,False,False,False,False,False,False,False,False,False,False,False,False,False,False,False,False,False,False,False,False,False,False,False,False,1,False,False,23,20,0,True,43,7,9,9,4,5,5,0,False,False,False,True,False,False,False,False,False,False,False,False,False,False,False,False,False,False,False,False,False,False,False,False,False,False,True,True,5,False,False,15,14,0,True,29,7,True,True,16,False,,,
2135_1,Yeast Apoptosis,first,complete,73,73,13,60,60,0,False,False,False,True,False,False,False,False,False,False,False,False,False,False,False,False,False,False,False,False,False,False,False,False,False,False,False,False,0,False,False,95,19,0,True,114,12,15,15,13,2,2,0,False,True,True,True,False,True,True,False,False,False,True,True,False,False,True,False,False,False,True,False,True,False,False,False,False,False,True,True,2,False,False,7,1,0,True,8,6,True,False,257,True,OR,,
2135_1,Yeast Apoptosis,min_degree,complete,73,73,13,60,60,0,False,False,False,True,False,False,False,False,False,False,False,False,False,False,False,False,False,False,False,False,False,False,False,False,False,False,False,False,0,False,False,95,19,0,True,114,12,15,15,13,2,2,0,False,True,True,True,False,True,True,False,False,False,True,True,False,False,True,False,False,False,True,False,True,False,False,False,False,False,True,True,2,False,False,7,1,0,True,8,6,True,False,257,True,OR,,
2135_1,Yeast Apoptosis,min_growth,complete,73,73,13,60,60,0,False,False,False,True,False,False,False,False,False,False,False,False,False,False,False,False,False,False,False,False,False,False,False,False,False,False,False,False,0,False,False,95,19,0,True,114,12,15,15,13,2,2,0,False,True,True,True,False,True,True,False,False,False,True,True,False,False,True,False,False,False,True,False,True,False,False,False,False,False,True,True,2,False,False,7,1,0,True,8,6,True,False,257,True,OR,,
2135_1,Yeast Apoptosis,random,complete,73,73,13,60,60,0,False,False,False,True,False,False,False,False,False,False,False,False,False,False,False,False,False,False,False,False,False,False,False,False,False,False,False,False,0,False,False,95,19,0,True,114,12,15,15,13,2,2,0,False,True,True,True,False,True,True,False,False,False,True,True,False,False,True,False,False,False,True,False,True,False,False,False,False,False,True,True,2,False,False,7,1,0,True,8,6,True,False,257,True,OR,,
2309_1,EGFR & ErbB Signaling,first,complete,104,104,28,76,76,0,False,False,False,True,False,False,False,False,False,False,False,False,False,False,False,False,False,False,False,False,False,False,False,False,False,False,False,False,0,False,False,199,27,0,True,226,14,31,31,28,3,3,0,False,False,False,False,False,False,False,False,False,False,False,False,False,False,False,False,False,False,False,False,False,False,False,False,False,False,True,True,3,False,False,39,9,7,True,55,29,True,False,257,False,,,
2309_1,EGFR & ErbB Signaling,min_degree,complete,104,104,28,76,76,0,False,False,False,True,False,False,False,False,False,False,False,False,False,False,False,False,False,False,False,False,False,False,False,False,False,False,False,False,0,False,False,199,27,0,True,226,14,31,31,28,3,3,0,False,False,False,False,False,False,False,False,False,False,False,False,False,False,False,False,False,False,False,False,False,False,False,False,False,False,True,True,3,False,False,40,10,5,True,55,29,True,False,257,False,,,
2309_1,EGFR & ErbB Signaling,min_growth,complete,104,104,28,76,76,0,False,False,False,True,False,False,False,False,False,False,False,False,False,False,False,False,False,False,False,False,False,False,False,False,False,False,False,False,0,False,False,199,27,0,True,226,14,31,31,28,3,3,0,False,False,False,False,False,False,False,False,False,False,False,False,False,False,False,False,False,False,False,False,False,False,False,False,False,False,True,True,3,False,False,40,10,5,True,55,29,True,False,257,False,,,
2309_1,EGFR & ErbB Signaling,random,complete,104,104,28,76,76,0,False,False,False,True,False,False,False,False,False,False,False,False,False,False,False,False,False,False,False,False,False,False,False,False,False,False,False,False,0,False,False,199,27,0,True,226,14,32,32,28,4,4,0,False,False,False,False,False,False,False,False,False,False,False,False,False,False,False,False,False,False,False,False,False,False,False,False,False,False,True,True,4,False,False,41,15,20,True,76,30,True,False,257,False,,,
6678_1,CD4+ T cell Differentiation,first,complete,38,38,9,29,29,0,False,False,False,True,False,False,False,False,False,False,False,False,False,False,False,False,False,False,False,False,False,False,False,False,False,False,False,False,3,False,False,62,29,0,True,91,8,18,18,9,9,9,0,False,False,False,False,False,False,False,False,False,False,False,False,False,False,False,False,False,False,False,False,False,False,False,False,False,False,True,True,9,False,False,42,27,5,True,74,12,True,False,257,False,,,
6678_1,CD4+ T cell Differentiation,min_degree,complete,38,38,9,29,29,0,False,False,False,True,False,False,False,False,False,False,False,False,False,False,False,False,False,False,False,False,False,False,False,False,False,False,False,False,3,False,False,62,29,0,True,91,8,17,17,9,8,8,0,False,False,False,False,False,False,False,False,False,False,False,False,False,False,False,False,False,False,False,False,False,False,False,False,False,False,True,True,8,False,False,28,24,6,True,58,10,True,False,257,False,,,
6678_1,CD4+ T cell Differentiation,min_growth,complete,38,38,9,29,29,0,False,False,False,True,False,False,False,False,False,False,False,False,False,False,False,False,False,False,False,False,False,False,False,False,False,False,False,False,3,False,False,62,29,0,True,91,8,17,17,9,8,8,0,False,False,False,False,False,False,False,False,False,False,False,False,False,False,False,False,False,False,False,False,False,False,False,False,False,False,True,True,8,False,False,28,24,6,True,58,10,True,False,257,False,,,
6678_1,CD4+ T cell Differentiation,random,complete,38,38,9,29,29,0,False,False,False,True,False,False,False,False,False,False,False,False,False,False,False,False,False,False,False,False,False,False,False,False,False,False,False,False,3,False,False,62,29,0,True,91,8,17,17,9,8,8,0,False,False,False,False,False,False,False,False,False,False,False,False,False,False,False,False,False,False,False,False,False,False,False,False,False,False,True,True,8,False,False,35,18,9,True,62,12,True,False,257,False,,,
8558_1,Inflammatory Bowel Disease (IBD) Model,first,missing,,,,,,,,,,,,,,,,,,,,,,,,,,,,,,,,,,,,,,,,,,,,,,,,,,,,,,,,,,,,,,,,,,,,,,,,,,,,,,,,,,,,,,,,,,,,No completed result,
8558_1,Inflammatory Bowel Disease (IBD) Model,min_degree,missing,,,,,,,,,,,,,,,,,,,,,,,,,,,,,,,,,,,,,,,,,,,,,,,,,,,,,,,,,,,,,,,,,,,,,,,,,,,,,,,,,,,,,,,,,,,,No completed result,
8558_1,Inflammatory Bowel Disease (IBD) Model,min_growth,missing,,,,,,,,,,,,,,,,,,,,,,,,,,,,,,,,,,,,,,,,,,,,,,,,,,,,,,,,,,,,,,,,,,,,,,,,,,,,,,,,,,,,,,,,,,,,No completed result,
8558_1,Inflammatory Bowel Disease (IBD) Model,random,missing,,,,,,,,,,,,,,,,,,,,,,,,,,,,,,,,,,,,,,,,,,,,,,,,,,,,,,,,,,,,,,,,,,,,,,,,,,,,,,,,,,,,,,,,,,,,No completed result,
11863_1,Senescence Associated Secretory Phenotype,first,complete,51,51,2,49,49,0,False,False,False,True,False,False,False,False,False,False,False,False,False,False,False,False,False,False,False,False,False,False,False,False,False,False,False,False,3,False,False,80,16,0,True,96,5,9,9,2,7,7,0,False,False,False,True,False,False,False,False,False,False,False,False,False,False,False,False,False,False,False,False,False,False,False,False,False,False,True,True,7,False,False,20,15,0,True,35,8,True,True,15,False,,,
11863_1,Senescence Associated Secretory Phenotype,min_degree,complete,51,51,2,49,49,0,False,False,False,True,False,False,False,False,False,False,False,False,False,False,False,False,False,False,False,False,False,False,False,False,False,False,False,False,3,False,False,80,16,0,True,96,5,9,9,2,7,7,0,False,False,False,True,False,False,False,False,False,False,False,False,False,False,False,False,False,False,False,False,False,False,False,False,False,False,True,True,7,False,False,20,15,0,True,35,8,True,True,15,False,,,
11863_1,Senescence Associated Secretory Phenotype,min_growth,complete,51,51,2,49,49,0,False,False,False,True,False,False,False,False,False,False,False,False,False,False,False,False,False,False,False,False,False,False,False,False,False,False,False,False,3,False,False,80,16,0,True,96,5,9,9,2,7,7,0,False,False,False,True,False,False,False,False,False,False,False,False,False,False,False,False,False,False,False,False,False,False,False,False,False,False,True,True,7,False,False,20,15,0,True,35,8,True,True,15,False,,,
11863_1,Senescence Associated Secretory Phenotype,random,complete,51,51,2,49,49,0,False,False,False,True,False,False,False,False,False,False,False,False,False,False,False,False,False,False,False,False,False,False,False,False,False,False,False,False,3,False,False,80,16,0,True,96,5,9,9,2,7,7,0,False,False,False,True,False,False,False,False,False,False,False,False,False,False,False,False,False,False,False,False,False,False,False,False,False,False,True,True,7,False,False,17,11,0,True,28,7,True,True,15,False,,,
4850_1, Bortezomib Responses in U266 Human Myeloma Cells,first,complete,67,67,5,62,62,0,False,False,False,True,False,False,False,False,False,False,False,False,False,False,False,False,False,False,False,False,False,False,False,False,False,False,False,False,1,False,False,88,38,0,True,126,5,10,10,5,5,5,0,False,False,False,True,False,False,False,False,False,False,False,False,False,False,False,False,False,False,False,False,False,False,False,False,False,False,True,True,5,False,False,18,7,0,True,25,10,True,True,83,False,,,
4850_1, Bortezomib Responses in U266 Human Myeloma Cells,min_degree,complete,67,67,5,62,62,0,False,False,False,True,False,False,False,False,False,False,False,False,False,False,False,False,False,False,False,False,False,False,False,False,False,False,False,False,1,False,False,88,38,0,True,126,5,10,10,5,5,5,0,False,False,False,True,False,False,False,False,False,False,False,False,False,False,False,False,False,False,False,False,False,False,False,False,False,False,True,True,5,False,False,16,6,0,True,22,8,True,True,83,False,,,
4850_1, Bortezomib Responses in U266 Human Myeloma Cells,min_growth,complete,67,67,5,62,62,0,False,False,False,True,False,False,False,False,False,False,False,False,False,False,False,False,False,False,False,False,False,False,False,False,False,False,False,False,1,False,False,88,38,0,True,126,5,10,10,5,5,5,0,False,False,False,True,False,False,False,False,False,False,False,False,False,False,False,False,False,False,False,False,False,False,False,False,False,False,True,True,5,False,False,16,6,0,True,22,8,True,True,83,False,,,
4850_1, Bortezomib Responses in U266 Human Myeloma Cells,random,complete,67,67,5,62,62,0,False,False,False,True,False,False,False,False,False,False,False,False,False,False,False,False,False,False,False,False,False,False,False,False,False,False,False,False,1,False,False,88,38,0,True,126,5,10,10,5,5,5,0,False,False,False,True,False,False,False,False,False,False,False,False,False,False,False,False,False,False,False,False,False,False,False,False,False,False,True,True,5,False,False,16,5,0,True,21,8,True,True,83,False,,,
4932_1,Stomatal Opening Model,first,complete,49,49,5,44,44,0,False,False,False,False,False,False,False,False,False,False,False,False,False,False,False,False,False,False,False,False,False,False,False,False,False,False,False,False,2,False,False,104,37,26,True,167,9,8,8,5,3,3,0,False,False,False,False,False,False,False,False,False,False,False,False,False,False,False,False,False,False,False,False,False,False,False,False,False,False,True,True,3,False,False,11,6,3,True,20,8,True,True,36,False,,,
4932_1,Stomatal Opening Model,min_degree,complete,49,49,5,44,44,0,False,False,False,False,False,False,False,False,False,False,False,False,False,False,False,False,False,False,False,False,False,False,False,False,False,False,False,False,2,False,False,104,37,26,True,167,9,8,8,5,3,3,0,False,False,False,False,False,False,False,False,False,False,False,False,False,False,False,False,False,False,False,False,False,False,False,False,False,False,True,True,3,False,False,11,6,3,True,20,8,True,True,36,False,,,
4932_1,Stomatal Opening Model,min_growth,complete,49,49,5,44,44,0,False,False,False,False,False,False,False,False,False,False,False,False,False,False,False,False,False,False,False,False,False,False,False,False,False,False,False,False,2,False,False,104,37,26,True,167,9,8,8,5,3,3,0,False,False,False,False,False,False,False,False,False,False,False,False,False,False,False,False,False,False,False,False,False,False,False,False,False,False,True,True,3,False,False,11,6,3,True,20,8,True,True,36,False,,,
4932_1,Stomatal Opening Model,random,complete,49,49,5,44,44,0,False,False,False,False,False,False,False,False,False,False,False,False,False,False,False,False,False,False,False,False,False,False,False,False,False,False,False,False,2,False,False,104,37,26,True,167,9,8,8,5,3,3,0,False,False,False,True,False,False,False,False,False,False,False,False,False,False,False,False,False,False,False,False,False,False,False,False,False,False,True,True,3,False,False,11,9,0,True,20,8,True,True,36,False,,,
3511_1,Glucose Repression Signaling 2009,first,complete,73,73,18,55,55,0,False,False,False,True,False,False,False,False,False,False,False,False,False,False,False,False,False,False,False,False,False,False,False,False,False,False,False,False,0,False,False,57,40,0,True,97,5,20,20,18,2,2,0,False,False,False,True,False,False,False,False,False,False,False,False,False,False,False,False,False,False,False,False,False,False,False,False,False,False,True,True,2,False,True,11,12,0,True,23,13,True,False,257,False,,,
3511_1,Glucose Repression Signaling 2009,min_degree,complete,73,73,18,55,55,0,False,False,False,True,False,False,False,False,False,False,False,False,False,False,False,False,False,False,False,False,False,False,False,False,False,False,False,False,0,False,False,57,40,0,True,97,5,20,20,18,2,2,0,False,False,False,True,False,False,False,False,False,False,False,False,False,False,False,False,False,False,False,False,False,False,False,False,False,False,True,True,2,False,True,11,12,0,True,23,13,True,False,257,False,,,
3511_1,Glucose Repression Signaling 2009,min_growth,complete,73,73,18,55,55,0,False,False,False,True,False,False,False,False,False,False,False,False,False,False,False,False,False,False,False,False,False,False,False,False,False,False,False,False,0,False,False,57,40,0,True,97,5,20,20,18,2,2,0,False,False,False,True,False,False,False,False,False,False,False,False,False,False,False,False,False,False,False,False,False,False,False,False,False,False,True,True,2,False,True,11,12,0,True,23,13,True,False,257,False,,,
3511_1,Glucose Repression Signaling 2009,random,complete,73,73,18,55,55,0,False,False,False,True,False,False,False,False,False,False,False,False,False,False,False,False,False,False,False,False,False,False,False,False,False,False,False,False,0,False,False,57,40,0,True,97,5,20,20,18,2,2,0,False,False,False,True,False,False,False,False,False,False,False,False,False,False,False,False,False,False,False,False,False,False,False,False,False,False,True,True,2,False,True,14,9,0,True,23,13,True,False,257,False,,,
2329_1,Apoptosis Network,first,complete,41,41,2,39,39,0,False,False,False,True,False,False,False,False,False,False,False,False,False,False,False,False,False,False,False,False,False,False,False,False,False,False,False,False,0,False,False,52,21,0,True,73,4,7,7,2,5,5,0,False,False,False,True,False,False,False,False,False,False,False,False,False,False,False,False,False,False,False,False,False,False,False,False,False,False,True,True,5,False,False,12,10,0,True,22,6,True,True,0,False,,,
2329_1,Apoptosis Network,min_degree,complete,41,41,2,39,39,0,False,False,False,True,False,False,False,False,False,False,False,False,False,False,False,False,False,False,False,False,False,False,False,False,False,False,False,False,0,False,False,52,21,0,True,73,4,7,7,2,5,5,0,False,False,False,True,False,False,False,False,False,False,False,False,False,False,False,False,False,False,False,False,False,False,False,False,False,False,True,True,5,False,False,12,9,0,True,21,6,True,True,0,False,,,
2329_1,Apoptosis Network,min_growth,complete,41,41,2,39,39,0,False,False,False,True,False,False,False,False,False,False,False,False,False,False,False,False,False,False,False,False,False,False,False,False,False,False,False,False,0,False,False,52,21,0,True,73,4,7,7,2,5,5,0,False,False,False,True,False,False,False,False,False,False,False,False,False,False,False,False,False,False,False,False,False,False,False,False,False,False,True,True,5,False,False,9,9,0,True,18,5,True,True,0,False,,,
2329_1,Apoptosis Network,random,complete,41,41,2,39,39,0,False,False,False,True,False,False,False,False,False,False,False,False,False,False,False,False,False,False,False,False,False,False,False,False,False,False,False,False,0,False,False,52,21,0,True,73,4,7,7,2,5,5,0,False,False,False,False,False,False,False,False,False,False,False,False,False,False,False,False,False,False,False,False,False,False,False,False,False,False,True,True,5,False,False,15,6,1,True,22,6,True,True,0,False,,,
4837_1,Arabidopsis thaliana Cell Cycle,first,complete,14,14,0,14,14,0,False,False,False,True,False,False,False,False,False,False,False,False,False,False,False,False,False,False,False,False,False,False,False,False,False,False,False,False,3,False,False,34,32,0,True,66,8,2,2,0,2,2,0,False,False,False,True,False,False,True,False,False,False,False,True,False,False,False,False,False,False,False,False,False,False,False,False,False,True,True,True,2,False,False,2,2,0,True,4,2,True,True,0,False,,,
4837_1,Arabidopsis thaliana Cell Cycle,min_degree,complete,14,14,0,14,14,0,False,False,False,True,False,False,False,False,False,False,False,False,False,False,False,False,False,False,False,False,False,False,False,False,False,False,False,False,3,False,False,34,32,0,True,66,8,2,2,0,2,2,0,False,False,False,True,False,False,True,False,False,False,False,True,False,False,False,False,False,False,False,False,False,False,False,False,False,True,True,True,2,False,False,2,2,0,True,4,2,True,True,0,False,,,
4837_1,Arabidopsis thaliana Cell Cycle,min_growth,complete,14,14,0,14,14,0,False,False,False,True,False,False,False,False,False,False,False,False,False,False,False,False,False,False,False,False,False,False,False,False,False,False,False,False,3,False,False,34,32,0,True,66,8,2,2,0,2,2,0,False,False,False,True,False,False,True,False,False,False,False,True,False,False,False,False,False,False,False,False,False,False,False,False,False,True,True,True,2,False,False,2,2,0,True,4,2,True,True,0,False,,,
4837_1,Arabidopsis thaliana Cell Cycle,random,complete,14,14,0,14,14,0,False,False,False,True,False,False,False,False,False,False,False,False,False,False,False,False,False,False,False,False,False,False,False,False,False,False,False,False,3,False,False,34,32,0,True,66,8,2,2,0,2,2,0,False,False,False,True,False,False,True,False,False,False,False,True,False,False,False,False,False,False,False,False,False,False,False,False,False,True,True,True,2,False,False,2,2,0,True,4,2,True,True,0,False,,,
2215_1,Differentiation of T lymphocytes,first,complete,50,50,9,41,41,0,False,False,False,True,False,False,False,False,False,False,False,False,False,False,False,False,False,False,False,False,False,False,False,False,False,False,False,False,8,False,False,69,28,0,True,97,9,17,17,9,8,8,0,False,False,False,False,False,False,False,False,False,False,False,False,False,False,False,False,False,False,False,False,False,False,False,False,False,False,True,True,8,False,False,30,25,1,True,56,15,True,False,257,False,,,
2215_1,Differentiation of T lymphocytes,min_degree,complete,50,50,9,41,41,0,False,False,False,True,False,False,False,False,False,False,False,False,False,False,False,False,False,False,False,False,False,False,False,False,False,False,False,False,8,False,False,69,28,0,True,97,9,17,17,9,8,8,0,False,False,False,False,False,False,False,False,False,False,False,False,False,False,False,False,False,False,False,False,False,False,False,False,False,False,True,True,8,False,False,30,25,1,True,56,15,True,False,257,False,,,
2215_1,Differentiation of T lymphocytes,min_growth,complete,50,50,9,41,41,0,False,False,False,True,False,False,False,False,False,False,False,False,False,False,False,False,False,False,False,False,False,False,False,False,False,False,False,False,8,False,False,69,28,0,True,97,9,17,17,9,8,8,0,False,False,False,False,False,False,False,False,False,False,False,False,False,False,False,False,False,False,False,False,False,False,False,False,False,False,True,True,8,False,False,30,25,1,True,56,15,True,False,257,False,,,
2215_1,Differentiation of T lymphocytes,random,complete,50,50,9,41,41,0,False,False,False,True,False,False,False,False,False,False,False,False,False,False,False,False,False,False,False,False,False,False,False,False,False,False,False,False,8,False,False,69,28,0,True,97,9,17,17,9,8,8,0,False,False,False,False,False,False,False,False,False,False,False,False,False,False,False,False,False,False,False,False,False,False,False,False,False,False,True,True,8,False,False,30,25,1,True,56,15,True,False,257,False,,,
8186_1,Lymphoid and myeloid cell specification and transdifferentiation,first,complete,33,33,2,31,31,0,False,False,False,False,False,False,False,False,False,False,False,False,False,False,False,False,False,False,False,False,False,False,False,False,False,False,False,False,3,False,False,64,26,3,True,93,10,7,7,2,5,5,0,False,False,False,False,False,False,False,False,False,False,False,False,False,False,False,False,False,False,False,False,False,False,False,False,False,False,True,True,5,False,False,13,9,2,True,24,6,True,True,21,False,,,
8186_1,Lymphoid and myeloid cell specification and transdifferentiation,min_degree,complete,33,33,2,31,31,0,False,False,False,False,False,False,False,False,False,False,False,False,False,False,False,False,False,False,False,False,False,False,False,False,False,False,False,False,3,False,False,64,26,3,True,93,10,7,7,2,5,5,0,False,False,False,False,False,False,False,False,False,False,False,False,False,False,False,False,False,False,False,False,False,False,False,False,False,False,True,True,5,False,False,13,9,2,True,24,6,True,True,21,False,,,
8186_1,Lymphoid and myeloid cell specification and transdifferentiation,min_growth,complete,33,33,2,31,31,0,False,False,False,False,False,False,False,False,False,False,False,False,False,False,False,False,False,False,False,False,False,False,False,False,False,False,False,False,3,False,False,64,26,3,True,93,10,7,7,2,5,5,0,False,False,False,False,False,False,False,False,False,False,False,False,False,False,False,False,False,False,False,False,False,False,False,False,False,False,True,True,5,False,False,13,9,2,True,24,6,True,True,21,False,,,
8186_1,Lymphoid and myeloid cell specification and transdifferentiation,random,complete,33,33,2,31,31,0,False,False,False,False,False,False,False,False,False,False,False,False,False,False,False,False,False,False,False,False,False,False,False,False,False,False,False,False,3,False,False,64,26,3,True,93,10,7,7,2,5,5,0,False,False,False,False,False,False,False,False,False,False,False,False,False,False,False,False,False,False,False,False,False,False,False,False,False,False,True,True,5,False,False,13,9,2,True,24,6,True,True,21,False,,,
8080_1,Lymphopoiesis Regulatory Network,first,complete,81,81,14,67,67,0,False,False,False,True,False,False,False,False,False,False,False,False,False,False,False,False,False,False,False,False,False,False,False,False,False,False,False,False,8,False,False,108,50,0,True,158,9,24,24,14,10,10,0,False,False,False,False,False,False,False,False,False,False,False,False,False,False,False,False,False,False,False,False,False,False,False,False,False,False,True,True,10,False,False,60,62,17,True,139,22,True,False,257,False,,,
8080_1,Lymphopoiesis Regulatory Network,min_degree,complete,81,81,14,67,67,0,False,False,False,True,False,False,False,False,False,False,False,False,False,False,False,False,False,False,False,False,False,False,False,False,False,False,False,False,8,False,False,108,50,0,True,158,9,24,24,14,10,10,0,False,False,False,False,False,False,False,False,False,False,False,False,False,False,False,False,False,False,False,False,False,False,False,False,False,False,True,True,10,False,False,60,62,17,True,139,22,True,False,257,False,,,
8080_1,Lymphopoiesis Regulatory Network,min_growth,complete,81,81,14,67,67,0,False,False,False,True,False,False,False,False,False,False,False,False,False,False,False,False,False,False,False,False,False,False,False,False,False,False,False,False,8,False,False,108,50,0,True,158,9,24,24,14,10,10,0,False,False,False,False,False,False,False,False,False,False,False,False,False,False,False,False,False,False,False,False,False,False,False,False,False,False,True,True,10,False,False,60,62,17,True,139,22,True,False,257,False,,,
8080_1,Lymphopoiesis Regulatory Network,random,complete,81,81,14,67,67,0,False,False,False,True,False,False,False,False,False,False,False,False,False,False,False,False,False,False,False,False,False,False,False,False,False,False,False,False,8,False,False,108,50,0,True,158,9,24,24,14,10,10,0,False,False,False,False,False,False,False,False,False,False,False,False,False,False,False,False,False,False,False,False,False,False,False,False,False,False,True,True,10,False,False,63,58,17,True,138,22,True,False,257,False,,,
7984_1,MAPK Cancer Cell Fate Network,first,complete,53,53,4,49,49,0,False,False,False,True,False,False,False,False,False,False,False,False,False,False,False,False,False,False,False,False,False,False,False,False,False,False,False,False,0,False,False,83,21,0,True,104,5,10,10,4,6,6,0,False,False,False,False,False,False,False,False,False,False,False,False,False,False,False,False,False,False,False,False,False,False,False,False,False,False,True,True,6,False,False,25,14,2,True,41,9,True,True,12,False,,,
7984_1,MAPK Cancer Cell Fate Network,min_degree,complete,53,53,4,49,49,0,False,False,False,True,False,False,False,False,False,False,False,False,False,False,False,False,False,False,False,False,False,False,False,False,False,False,False,False,0,False,False,83,21,0,True,104,5,10,10,4,6,6,0,False,False,False,True,False,False,False,False,False,False,False,False,False,False,False,False,False,False,False,False,False,False,False,False,False,False,True,True,6,False,False,19,12,0,True,31,7,True,True,12,False,,,
7984_1,MAPK Cancer Cell Fate Network,min_growth,complete,53,53,4,49,49,0,False,False,False,True,False,False,False,False,False,False,False,False,False,False,False,False,False,False,False,False,False,False,False,False,False,False,False,False,0,False,False,83,21,0,True,104,5,10,10,4,6,6,0,False,False,False,True,False,False,False,False,False,False,False,False,False,False,False,False,False,False,False,False,False,False,False,False,False,False,True,True,6,False,False,19,12,0,True,31,7,True,True,12,False,,,
7984_1,MAPK Cancer Cell Fate Network,random,complete,53,53,4,49,49,0,False,False,False,True,False,False,False,False,False,False,False,False,False,False,False,False,False,False,False,False,False,False,False,False,False,False,False,False,0,False,False,83,21,0,True,104,5,12,12,4,8,8,0,False,False,False,False,False,False,False,False,False,False,False,False,False,False,False,False,False,False,False,False,False,False,False,False,False,False,True,True,8,False,False,25,25,12,True,62,11,True,True,12,False,,,
8227_1,T-LGL Survival Network 2011 Reduced Network,first,complete,18,18,0,18,18,0,False,False,False,True,False,False,False,False,False,False,False,False,False,False,False,False,False,False,False,False,False,False,False,False,False,False,False,False,2,False,False,14,29,0,True,43,4,4,4,0,4,4,0,False,False,False,True,False,False,False,False,False,False,False,False,False,False,False,False,False,False,False,False,False,False,False,False,False,False,True,True,4,False,False,3,6,0,True,9,3,True,True,1,False,,,
8227_1,T-LGL Survival Network 2011 Reduced Network,min_degree,complete,18,18,0,18,18,0,False,False,False,True,False,False,False,False,False,False,False,False,False,False,False,False,False,False,False,False,False,False,False,False,False,False,False,False,2,False,False,14,29,0,True,43,4,4,4,0,4,4,0,False,False,False,True,False,False,False,False,False,False,False,False,False,False,False,False,False,False,False,False,False,False,False,False,False,False,True,True,4,False,False,3,6,0,True,9,3,True,True,1,False,,,
8227_1,T-LGL Survival Network 2011 Reduced Network,min_growth,complete,18,18,0,18,18,0,False,False,False,True,False,False,False,False,False,False,False,False,False,False,False,False,False,False,False,False,False,False,False,False,False,False,False,False,2,False,False,14,29,0,True,43,4,4,4,0,4,4,0,False,False,False,True,False,False,False,False,False,False,False,False,False,False,False,False,False,False,False,False,False,False,False,False,False,False,True,True,4,False,False,3,6,0,True,9,3,True,True,1,False,,,
8227_1,T-LGL Survival Network 2011 Reduced Network,random,complete,18,18,0,18,18,0,False,False,False,True,False,False,False,False,False,False,False,False,False,False,False,False,False,False,False,False,False,False,False,False,False,False,False,False,2,False,False,14,29,0,True,43,4,4,4,0,4,4,0,False,False,False,True,False,False,False,False,False,False,False,False,False,False,False,False,False,False,False,False,False,False,False,False,False,False,True,True,4,False,False,3,6,0,True,9,3,True,True,1,False,,,
2136_1,Cardiac development,first,complete,15,15,1,14,14,0,False,False,False,True,False,False,False,False,False,False,False,False,False,False,False,False,False,False,False,False,False,False,False,False,False,False,False,False,2,False,False,31,7,0,True,38,7,4,4,1,3,3,0,False,False,False,True,False,False,False,False,False,False,False,False,False,False,False,False,False,False,False,False,False,False,False,False,False,False,True,True,3,False,False,7,1,0,True,8,4,True,True,6,False,,,
2136_1,Cardiac development,min_degree,complete,15,15,1,14,14,0,False,False,False,True,False,False,False,False,False,False,False,False,False,False,False,False,False,False,False,False,False,False,False,False,False,False,False,False,2,False,False,31,7,0,True,38,7,4,4,1,3,3,0,False,False,False,True,False,False,False,False,False,False,False,False,False,False,False,False,False,False,False,False,False,False,False,False,False,False,True,True,3,False,False,7,1,0,True,8,4,True,True,6,False,,,
2136_1,Cardiac development,min_growth,complete,15,15,1,14,14,0,False,False,False,True,False,False,False,False,False,False,False,False,False,False,False,False,False,False,False,False,False,False,False,False,False,False,False,False,2,False,False,31,7,0,True,38,7,4,4,1,3,3,0,False,False,False,True,False,False,False,False,False,False,False,False,False,False,False,False,False,False,False,False,False,False,False,False,False,False,True,True,3,False,False,7,1,0,True,8,4,True,True,6,False,,,
2136_1,Cardiac development,random,complete,15,15,1,14,14,0,False,False,False,True,False,False,False,False,False,False,False,False,False,False,False,False,False,False,False,False,False,False,False,False,False,False,False,False,2,False,False,31,7,0,True,38,7,4,4,1,3,3,0,False,False,False,True,False,False,False,False,False,False,False,False,False,False,False,False,False,False,False,False,False,False,False,False,False,False,True,True,3,False,False,7,1,0,True,8,4,True,True,6,False,,,
2341_1,Body Segmentation in Drosophila 2013,first,complete,17,17,3,14,14,0,False,False,False,True,False,False,False,False,False,False,False,False,False,False,False,False,False,False,False,False,False,False,False,False,False,False,False,False,2,False,False,19,10,0,True,29,4,5,5,3,2,2,0,False,False,False,True,False,False,False,False,False,False,False,False,False,False,False,False,False,False,False,False,False,False,False,False,False,False,True,True,2,False,False,5,4,0,True,9,5,True,True,10,False,,,
2341_1,Body Segmentation in Drosophila 2013,min_degree,complete,17,17,3,14,14,0,False,False,False,True,False,False,False,False,False,False,False,False,False,False,False,False,False,False,False,False,False,False,False,False,False,False,False,False,2,False,False,19,10,0,True,29,4,5,5,3,2,2,0,False,False,False,True,False,False,False,False,False,False,False,False,False,False,False,False,False,False,False,False,False,False,False,False,False,False,True,True,2,False,False,5,4,0,True,9,5,True,True,10,False,,,
2341_1,Body Segmentation in Drosophila 2013,min_growth,complete,17,17,3,14,14,0,False,False,False,True,False,False,False,False,False,False,False,False,False,False,False,False,False,False,False,False,False,False,False,False,False,False,False,False,2,False,False,19,10,0,True,29,4,5,5,3,2,2,0,False,False,False,True,False,False,False,False,False,False,False,False,False,False,False,False,False,False,False,False,False,False,False,False,False,False,True,True,2,False,False,5,4,0,True,9,5,True,True,10,False,,,
2341_1,Body Segmentation in Drosophila 2013,random,complete,17,17,3,14,14,0,False,False,False,True,False,False,False,False,False,False,False,False,False,False,False,False,False,False,False,False,False,False,False,False,False,False,False,False,2,False,False,19,10,0,True,29,4,5,5,3,2,2,0,False,False,False,True,False,False,False,False,False,False,False,False,False,False,False,False,False,False,False,False,False,False,False,False,False,False,True,True,2,False,False,5,4,0,True,9,5,True,True,10,False,,,
2396_1,Mammalian Cell Cycle 2006,first,complete,10,10,0,10,10,0,False,False,False,True,False,False,False,False,False,False,False,False,False,False,False,False,False,False,False,False,False,False,False,False,False,False,False,False,4,False,False,14,21,0,True,35,6,6,6,0,6,6,0,False,False,False,False,False,False,False,False,False,False,False,False,False,False,False,False,False,False,False,False,False,False,False,False,False,False,True,True,6,False,False,9,13,1,True,23,5,True,True,1,False,,,
2396_1,Mammalian Cell Cycle 2006,min_degree,complete,10,10,0,10,10,0,False,False,False,True,False,False,False,False,False,False,False,False,False,False,False,False,False,False,False,False,False,False,False,False,False,False,False,False,4,False,False,14,21,0,True,35,6,6,6,0,6,6,0,False,False,False,False,False,False,False,False,False,False,False,False,False,False,False,False,False,False,False,False,False,False,False,False,False,False,True,True,6,False,False,9,13,1,True,23,5,True,True,1,False,,,
2396_1,Mammalian Cell Cycle 2006,min_growth,complete,10,10,0,10,10,0,False,False,False,True,False,False,False,False,False,False,False,False,False,False,False,False,False,False,False,False,False,False,False,False,False,False,False,False,4,False,False,14,21,0,True,35,6,6,6,0,6,6,0,False,False,False,False,False,False,False,False,False,False,False,False,False,False,False,False,False,False,False,False,False,False,False,False,False,False,True,True,6,False,False,9,13,1,True,23,5,True,True,1,False,,,
2396_1,Mammalian Cell Cycle 2006,random,complete,10,10,0,10,10,0,False,False,False,True,False,False,False,False,False,False,False,False,False,False,False,False,False,False,False,False,False,False,False,False,False,False,False,False,4,False,False,14,21,0,True,35,6,6,6,0,6,6,0,False,False,False,False,False,False,False,False,False,False,False,False,False,False,False,False,False,False,False,False,False,False,False,False,False,False,True,True,6,False,False,10,12,2,True,24,6,True,True,1,False,,,
2161_1,Guard Cell Abscisic Acid Signaling,first,complete,44,44,4,40,40,0,False,False,False,True,False,False,False,False,False,False,False,False,False,False,False,False,False,False,False,False,False,False,False,False,False,False,False,False,0,False,False,53,25,0,True,78,5,7,7,4,3,3,0,False,False,False,True,False,False,False,False,False,False,False,False,False,False,False,False,False,False,False,False,False,False,False,False,False,False,True,True,3,False,False,5,6,0,True,11,5,True,True,16,False,,,
2161_1,Guard Cell Abscisic Acid Signaling,min_degree,complete,44,44,4,40,40,0,False,False,False,True,False,False,False,False,False,False,False,False,False,False,False,False,False,False,False,False,False,False,False,False,False,False,False,False,0,False,False,53,25,0,True,78,5,7,7,4,3,3,0,False,False,False,True,False,False,False,False,False,False,False,False,False,False,False,False,False,False,False,False,False,False,False,False,False,False,True,True,3,False,False,6,6,0,True,12,6,True,True,16,False,,,
2161_1,Guard Cell Abscisic Acid Signaling,min_growth,complete,44,44,4,40,40,0,False,False,False,True,False,False,False,False,False,False,False,False,False,False,False,False,False,False,False,False,False,False,False,False,False,False,False,False,0,False,False,53,25,0,True,78,5,7,7,4,3,3,0,False,False,False,True,False,False,False,False,False,False,False,False,False,False,False,False,False,False,False,False,False,False,False,False,False,False,True,True,3,False,False,6,6,0,True,12,6,True,True,16,False,,,
2161_1,Guard Cell Abscisic Acid Signaling,random,complete,44,44,4,40,40,0,False,False,False,True,False,False,False,False,False,False,False,False,False,False,False,False,False,False,False,False,False,False,False,False,False,False,False,False,0,False,False,53,25,0,True,78,5,7,7,4,3,3,0,False,False,False,True,False,False,False,False,False,False,False,False,False,False,False,False,False,False,False,False,False,False,False,False,False,False,True,True,3,False,False,6,6,0,True,12,6,True,True,16,False,,,
6885_1,Regulation of the L-arabinose operon of Escherichia coli.,first,complete,13,13,4,9,9,0,False,False,False,True,False,False,False,False,False,False,False,False,False,False,False,False,False,False,False,False,False,False,False,False,False,False,False,False,0,False,False,15,2,0,True,17,3,5,5,4,1,1,0,False,True,True,True,False,False,False,False,False,False,False,False,False,False,False,False,False,False,False,False,False,False,False,False,False,False,True,True,1,False,True,4,1,0,True,5,5,True,True,17,False,,,
6885_1,Regulation of the L-arabinose operon of Escherichia coli.,min_degree,complete,13,13,4,9,9,0,False,False,False,True,False,False,False,False,False,False,False,False,False,False,False,False,False,False,False,False,False,False,False,False,False,False,False,False,0,False,False,15,2,0,True,17,3,5,5,4,1,1,0,False,True,True,True,False,False,False,False,False,False,False,False,False,False,False,False,False,False,False,False,False,False,False,False,False,False,True,True,1,False,True,4,1,0,True,5,5,True,True,17,False,,,
6885_1,Regulation of the L-arabinose operon of Escherichia coli.,min_growth,complete,13,13,4,9,9,0,False,False,False,True,False,False,False,False,False,False,False,False,False,False,False,False,False,False,False,False,False,False,False,False,False,False,False,False,0,False,False,15,2,0,True,17,3,5,5,4,1,1,0,False,True,True,True,False,False,False,False,False,False,False,False,False,False,False,False,False,False,False,False,False,False,False,False,False,False,True,True,1,False,True,4,1,0,True,5,5,True,True,17,False,,,
6885_1,Regulation of the L-arabinose operon of Escherichia coli.,random,complete,13,13,4,9,9,0,False,False,False,True,False,False,False,False,False,False,False,False,False,False,False,False,False,False,False,False,False,False,False,False,False,False,False,False,0,False,False,15,2,0,True,17,3,5,5,4,1,1,0,False,True,True,True,False,False,False,False,False,False,False,False,False,False,False,False,False,False,False,False,False,False,False,False,False,False,True,True,1,False,True,4,1,0,True,5,5,True,True,17,False,,,
8048_1,Treatment of Castration-Resistant Prostate Cancer,first,complete,42,42,14,28,28,0,False,False,False,True,False,False,False,False,False,False,False,False,False,False,False,False,False,False,False,False,False,False,False,False,False,False,False,False,0,False,True,34,17,0,True,51,5,14,14,14,0,0,0,True,True,False,True,False,False,False,False,False,False,False,False,False,False,False,False,False,False,False,False,False,False,False,False,False,True,True,True,0,False,True,0,0,0,False,0,0,True,False,257,True,,,
8048_1,Treatment of Castration-Resistant Prostate Cancer,min_degree,complete,42,42,14,28,28,0,False,False,False,True,False,False,False,False,False,False,False,False,False,False,False,False,False,False,False,False,False,False,False,False,False,False,False,False,0,False,True,34,17,0,True,51,5,14,14,14,0,0,0,True,True,False,True,False,False,False,False,False,False,False,False,False,False,False,False,False,False,False,False,False,False,False,False,False,True,True,True,0,False,True,0,0,0,False,0,0,True,False,257,True,,,
8048_1,Treatment of Castration-Resistant Prostate Cancer,min_growth,complete,42,42,14,28,28,0,False,False,False,True,False,False,False,False,False,False,False,False,False,False,False,False,False,False,False,False,False,False,False,False,False,False,False,False,0,False,True,34,17,0,True,51,5,14,14,14,0,0,0,True,True,False,True,False,False,False,False,False,False,False,False,False,False,False,False,False,False,False,False,False,False,False,False,False,True,True,True,0,False,True,0,0,0,False,0,0,True,False,257,True,,,
8048_1,Treatment of Castration-Resistant Prostate Cancer,random,complete,42,42,14,28,28,0,False,False,False,True,False,False,False,False,False,False,False,False,False,False,False,False,False,False,False,False,False,False,False,False,False,False,False,False,0,False,True,34,17,0,True,51,5,14,14,14,0,0,0,True,True,False,True,False,False,False,False,False,False,False,False,False,False,False,False,False,False,False,False,False,False,False,False,False,True,True,True,0,False,True,0,0,0,False,0,0,True,False,257,True,,,
3509_1,B bronchiseptica and T retortaeformis coinfection,first,complete,53,53,1,52,52,0,False,False,False,True,False,False,False,False,False,False,False,False,False,False,False,False,False,False,False,False,False,False,False,False,False,False,False,False,6,False,False,117,18,0,True,135,8,12,12,1,11,11,0,False,False,False,False,False,False,False,False,False,False,False,False,False,False,False,False,False,False,False,False,False,False,False,False,False,False,True,True,11,False,False,37,13,3,True,53,9,True,True,30,False,,,
3509_1,B bronchiseptica and T retortaeformis coinfection,min_degree,complete,53,53,1,52,52,0,False,False,False,True,False,False,False,False,False,False,False,False,False,False,False,False,False,False,False,False,False,False,False,False,False,False,False,False,6,False,False,117,18,0,True,135,8,10,10,1,9,9,0,False,False,False,False,False,False,False,False,False,False,False,False,False,False,False,False,False,False,False,False,False,False,False,False,False,False,True,True,9,False,False,23,11,3,True,37,7,True,True,30,False,,,
3509_1,B bronchiseptica and T retortaeformis coinfection,min_growth,complete,53,53,1,52,52,0,False,False,False,True,False,False,False,False,False,False,False,False,False,False,False,False,False,False,False,False,False,False,False,False,False,False,False,False,6,False,False,117,18,0,True,135,8,11,11,1,10,10,0,False,False,False,False,False,False,False,False,False,False,False,False,False,False,False,False,False,False,False,False,False,False,False,False,False,False,True,True,10,False,False,29,13,4,True,46,10,True,True,30,False,,,
3509_1,B bronchiseptica and T retortaeformis coinfection,random,complete,53,53,1,52,52,0,False,False,False,True,False,False,False,False,False,False,False,False,False,False,False,False,False,False,False,False,False,False,False,False,False,False,False,False,6,False,False,117,18,0,True,135,8,11,11,1,10,10,0,False,False,False,False,False,False,False,False,False,False,False,False,False,False,False,False,False,False,False,False,False,False,False,False,False,False,True,True,10,False,False,29,13,4,True,46,10,True,True,30,False,,,
3512_1,Oxidative Stress Pathway,first,complete,19,19,1,18,18,0,False,False,False,True,False,False,False,False,False,False,False,False,False,False,False,False,False,False,False,False,False,False,False,False,False,False,False,False,2,False,False,16,16,0,True,32,4,2,2,1,1,1,0,False,True,True,True,True,False,True,False,False,True,False,True,False,False,True,False,False,True,False,True,False,False,False,False,False,False,True,True,1,False,False,1,1,0,True,2,2,True,True,1,True,AND,,
3512_1,Oxidative Stress Pathway,min_degree,complete,19,19,1,18,18,0,False,False,False,True,False,False,False,False,False,False,False,False,False,False,False,False,False,False,False,False,False,False,False,False,False,False,False,False,2,False,False,16,16,0,True,32,4,2,2,1,1,1,0,False,True,True,True,True,False,True,False,False,True,False,True,False,False,True,False,False,True,False,True,False,False,False,False,False,False,True,True,1,False,False,1,1,0,True,2,2,True,True,1,True,AND,,
3512_1,Oxidative Stress Pathway,min_growth,complete,19,19,1,18,18,0,False,False,False,True,False,False,False,False,False,False,False,False,False,False,False,False,False,False,False,False,False,False,False,False,False,False,False,False,2,False,False,16,16,0,True,32,4,2,2,1,1,1,0,False,True,True,True,True,False,True,False,False,True,False,True,False,False,True,False,False,True,False,True,False,False,False,False,False,False,True,True,1,False,False,1,1,0,True,2,2,True,True,1,True,AND,,
3512_1,Oxidative Stress Pathway,random,complete,19,19,1,18,18,0,False,False,False,True,False,False,False,False,False,False,False,False,False,False,False,False,False,False,False,False,False,False,False,False,False,False,False,False,2,False,False,16,16,0,True,32,4,2,2,1,1,1,0,False,True,True,True,True,False,True,False,False,True,False,True,False,False,True,False,False,True,False,True,False,False,False,False,False,False,True,True,1,False,False,1,1,0,True,2,2,True,True,1,True,AND,,
1969_1,HGF Signaling in Keratinocytes,first,complete,68,68,6,62,62,0,False,True,True,True,False,False,False,False,False,False,False,False,False,False,False,False,False,False,False,False,False,False,False,False,False,False,False,False,0,False,False,97,6,0,True,103,4,8,8,6,2,2,0,False,True,True,True,False,False,False,False,False,False,False,False,False,False,False,False,False,False,False,False,False,False,False,False,False,False,True,True,2,False,True,8,2,0,True,10,5,True,True,72,False,,,
1969_1,HGF Signaling in Keratinocytes,min_degree,complete,68,68,6,62,62,0,False,True,True,True,False,False,False,False,False,False,False,False,False,False,False,False,False,False,False,False,False,False,False,False,False,False,False,False,0,False,False,97,6,0,True,103,4,7,7,6,1,1,0,False,True,True,True,False,False,False,False,False,False,False,False,False,False,False,False,False,False,False,False,False,False,False,False,False,False,True,True,1,False,True,3,1,0,True,4,4,True,True,72,False,,,
1969_1,HGF Signaling in Keratinocytes,min_growth,complete,68,68,6,62,62,0,False,True,True,True,False,False,False,False,False,False,False,False,False,False,False,False,False,False,False,False,False,False,False,False,False,False,False,False,0,False,False,97,6,0,True,103,4,7,7,6,1,1,0,False,True,True,True,False,False,False,False,False,False,False,False,False,False,False,False,False,False,False,False,False,False,False,False,False,False,True,True,1,False,True,3,1,0,True,4,4,True,True,72,False,,,
1969_1,HGF Signaling in Keratinocytes,random,complete,68,68,6,62,62,0,False,True,True,True,False,False,False,False,False,False,False,False,False,False,False,False,False,False,False,False,False,False,False,False,False,False,False,False,0,False,False,97,6,0,True,103,4,8,8,6,2,2,0,False,True,True,True,False,False,False,False,False,False,False,False,False,False,False,False,False,False,False,False,False,False,False,False,False,False,True,True,2,False,True,8,2,0,True,10,5,True,True,72,False,,,
7926_1,Iron acquisition and oxidative stress response in aspergillus fumigatus.,first,complete,22,22,2,20,20,0,False,False,False,True,False,False,False,False,False,False,False,False,False,False,False,False,False,False,False,False,False,False,False,False,False,False,False,False,1,False,False,25,13,0,True,38,6,6,6,2,4,4,0,False,False,False,True,False,False,False,False,False,False,False,False,False,False,False,False,False,False,False,False,False,False,False,False,False,False,True,True,4,False,False,7,11,0,True,18,6,True,True,0,False,,,
7926_1,Iron acquisition and oxidative stress response in aspergillus fumigatus.,min_degree,complete,22,22,2,20,20,0,False,False,False,True,False,False,False,False,False,False,False,False,False,False,False,False,False,False,False,False,False,False,False,False,False,False,False,False,1,False,False,25,13,0,True,38,6,3,3,2,1,1,0,False,True,True,True,True,True,True,False,False,True,True,True,False,True,True,True,True,True,True,True,True,True,False,False,True,True,True,True,1,False,False,0,1,0,False,1,1,True,True,0,True,AND,,
7926_1,Iron acquisition and oxidative stress response in aspergillus fumigatus.,min_growth,complete,22,22,2,20,20,0,False,False,False,True,False,False,False,False,False,False,False,False,False,False,False,False,False,False,False,False,False,False,False,False,False,False,False,False,1,False,False,25,13,0,True,38,6,3,3,2,1,1,0,False,True,True,True,True,True,True,False,False,True,True,True,False,True,True,True,True,True,True,True,True,True,False,False,True,True,True,True,1,False,False,0,1,0,False,1,1,True,True,0,True,AND,,
7926_1,Iron acquisition and oxidative stress response in aspergillus fumigatus.,random,complete,22,22,2,20,20,0,False,False,False,True,False,False,False,False,False,False,False,False,False,False,False,False,False,False,False,False,False,False,False,False,False,False,False,False,1,False,False,25,13,0,True,38,6,6,6,2,4,4,0,False,False,False,True,False,False,False,False,False,False,False,False,False,False,False,False,False,False,False,False,False,False,False,False,False,False,True,True,4,False,False,7,11,0,True,18,6,True,True,0,False,,,
2314_1,IL-6 Signalling,first,complete,86,86,15,71,71,0,False,False,False,True,False,False,False,False,False,False,False,False,False,False,False,False,False,False,False,False,False,False,False,False,False,False,False,False,0,False,False,102,47,0,True,149,6,18,18,15,3,3,0,False,False,False,False,False,False,False,False,False,False,False,False,False,False,False,False,False,False,False,False,False,False,False,False,False,False,True,True,3,False,False,8,15,1,True,24,9,True,False,257,False,,,
2314_1,IL-6 Signalling,min_degree,complete,86,86,15,71,71,0,False,False,False,True,False,False,False,False,False,False,False,False,False,False,False,False,False,False,False,False,False,False,False,False,False,False,False,False,0,False,False,102,47,0,True,149,6,18,18,15,3,3,0,False,False,False,False,False,False,False,False,False,False,False,False,False,False,False,False,False,False,False,False,False,False,False,False,False,False,True,True,3,False,False,8,15,1,True,24,9,True,False,257,False,,,
2314_1,IL-6 Signalling,min_growth,complete,86,86,15,71,71,0,False,False,False,True,False,False,False,False,False,False,False,False,False,False,False,False,False,False,False,False,False,False,False,False,False,False,False,False,0,False,False,102,47,0,True,149,6,18,18,15,3,3,0,False,False,False,False,False,False,False,False,False,False,False,False,False,False,False,False,False,False,False,False,False,False,False,False,False,False,True,True,3,False,False,8,15,1,True,24,9,True,False,257,False,,,
2314_1,IL-6 Signalling,random,complete,86,86,15,71,71,0,False,False,False,True,False,False,False,False,False,False,False,False,False,False,False,False,False,False,False,False,False,False,False,False,False,False,False,False,0,False,False,102,47,0,True,149,6,19,19,15,4,4,0,False,False,False,True,False,False,False,False,False,False,False,False,False,False,False,False,False,False,False,False,False,False,False,False,False,False,True,True,4,False,False,18,22,0,True,40,11,True,False,257,False,,,
2214_1,IL-1 Signaling,first,complete,118,118,14,104,104,0,False,False,False,True,False,False,False,False,False,False,False,False,False,False,False,False,False,False,False,False,False,False,False,False,False,False,False,False,0,False,False,184,34,0,True,218,6,14,14,14,0,0,0,True,True,False,True,False,False,False,False,False,False,False,False,False,False,False,False,False,False,False,False,False,False,False,False,False,True,True,True,0,False,True,0,0,0,False,0,0,True,False,257,True,,,
2214_1,IL-1 Signaling,min_degree,complete,118,118,14,104,104,0,False,False,False,True,False,False,False,False,False,False,False,False,False,False,False,False,False,False,False,False,False,False,False,False,False,False,False,False,0,False,False,184,34,0,True,218,6,14,14,14,0,0,0,True,True,False,True,False,False,False,False,False,False,False,False,False,False,False,False,False,False,False,False,False,False,False,False,False,True,True,True,0,False,True,0,0,0,False,0,0,True,False,257,True,,,
2214_1,IL-1 Signaling,min_growth,complete,118,118,14,104,104,0,False,False,False,True,False,False,False,False,False,False,False,False,False,False,False,False,False,False,False,False,False,False,False,False,False,False,False,False,0,False,False,184,34,0,True,218,6,14,14,14,0,0,0,True,True,False,True,False,False,False,False,False,False,False,False,False,False,False,False,False,False,False,False,False,False,False,False,False,True,True,True,0,False,True,0,0,0,False,0,0,True,False,257,True,,,
2214_1,IL-1 Signaling,random,complete,118,118,14,104,104,0,False,False,False,True,False,False,False,False,False,False,False,False,False,False,False,False,False,False,False,False,False,False,False,False,False,False,False,False,0,False,False,184,34,0,True,218,6,14,14,14,0,0,0,True,True,False,True,False,False,False,False,False,False,False,False,False,False,False,False,False,False,False,False,False,False,False,False,False,True,True,True,0,False,True,0,0,0,False,0,0,True,False,257,True,,,
5884_1,Tumour Cell Invasion and Migration,first,complete,32,32,2,30,30,0,False,False,False,True,False,False,False,False,False,False,False,False,False,False,False,False,False,False,False,False,False,False,False,False,False,False,False,False,1,False,False,80,76,0,True,156,8,7,7,2,5,5,0,False,False,False,True,False,False,False,False,False,False,False,False,False,False,False,False,False,False,False,False,False,False,False,False,False,False,True,True,5,False,False,14,15,0,True,29,6,True,True,9,False,,,
5884_1,Tumour Cell Invasion and Migration,min_degree,complete,32,32,2,30,30,0,False,False,False,True,False,False,False,False,False,False,False,False,False,False,False,False,False,False,False,False,False,False,False,False,False,False,False,False,1,False,False,80,76,0,True,156,8,7,7,2,5,5,0,False,False,False,False,False,False,False,False,False,False,False,False,False,False,False,False,False,False,False,False,False,False,False,False,False,False,True,True,5,False,False,14,9,1,True,24,6,True,True,9,False,,,
5884_1,Tumour Cell Invasion and Migration,min_growth,complete,32,32,2,30,30,0,False,False,False,True,False,False,False,False,False,False,False,False,False,False,False,False,False,False,False,False,False,False,False,False,False,False,False,False,1,False,False,80,76,0,True,156,8,6,6,2,4,4,0,False,False,False,True,False,False,False,False,False,False,False,False,False,False,False,False,False,False,False,False,False,False,False,False,False,False,True,True,4,False,False,11,6,0,True,17,6,True,True,9,False,,,
5884_1,Tumour Cell Invasion and Migration,random,complete,32,32,2,30,30,0,False,False,False,True,False,False,False,False,False,False,False,False,False,False,False,False,False,False,False,False,False,False,False,False,False,False,False,False,1,False,False,80,76,0,True,156,8,7,7,2,5,5,0,False,False,False,False,False,False,False,False,False,False,False,False,False,False,False,False,False,False,False,False,False,False,False,False,False,False,True,True,5,False,False,14,9,1,True,24,6,True,True,9,False,,,
5731_1,Metabolic Interactions in the Gut Microbiome,first,complete,12,12,1,11,11,0,False,False,False,True,False,False,False,False,False,False,False,False,False,False,False,False,False,False,False,False,False,False,False,False,False,False,False,False,8,False,False,24,6,0,True,30,5,8,8,1,7,7,0,False,False,False,True,False,False,False,False,False,False,False,False,False,False,False,False,False,False,False,False,False,False,False,False,False,False,True,True,7,False,True,14,6,0,True,20,5,True,True,40,False,,,
5731_1,Metabolic Interactions in the Gut Microbiome,min_degree,complete,12,12,1,11,11,0,False,False,False,True,False,False,False,False,False,False,False,False,False,False,False,False,False,False,False,False,False,False,False,False,False,False,False,False,8,False,False,24,6,0,True,30,5,8,8,1,7,7,0,False,False,False,True,False,False,False,False,False,False,False,False,False,False,False,False,False,False,False,False,False,False,False,False,False,False,True,True,7,False,True,14,6,0,True,20,5,True,True,40,False,,,
5731_1,Metabolic Interactions in the Gut Microbiome,min_growth,complete,12,12,1,11,11,0,False,False,False,True,False,False,False,False,False,False,False,False,False,False,False,False,False,False,False,False,False,False,False,False,False,False,False,False,8,False,False,24,6,0,True,30,5,8,8,1,7,7,0,False,False,False,True,False,False,False,False,False,False,False,False,False,False,False,False,False,False,False,False,False,False,False,False,False,False,True,True,7,False,True,14,6,0,True,20,5,True,True,40,False,,,
5731_1,Metabolic Interactions in the Gut Microbiome,random,complete,12,12,1,11,11,0,False,False,False,True,False,False,False,False,False,False,False,False,False,False,False,False,False,False,False,False,False,False,False,False,False,False,False,False,8,False,False,24,6,0,True,30,5,8,8,1,7,7,0,False,False,False,True,False,False,False,False,False,False,False,False,False,False,False,False,False,False,False,False,False,False,False,False,False,False,True,True,7,False,True,14,6,0,True,20,5,True,True,40,False,,,
4942_1,Pro-inflammatory Tumor Microenvironment in Acute Lymphoblastic Leukemia,first,complete,26,26,0,26,26,0,False,False,False,True,False,False,False,False,False,False,False,False,False,False,False,False,False,False,False,False,False,False,False,False,False,False,False,False,3,False,False,55,26,0,True,81,9,5,5,0,5,5,0,False,False,False,False,False,False,False,False,False,False,False,False,False,False,False,False,False,False,False,False,False,False,False,False,False,False,True,True,5,False,False,8,5,1,True,14,5,True,True,2,False,,,
4942_1,Pro-inflammatory Tumor Microenvironment in Acute Lymphoblastic Leukemia,min_degree,complete,26,26,0,26,26,0,False,False,False,True,False,False,False,False,False,False,False,False,False,False,False,False,False,False,False,False,False,False,False,False,False,False,False,False,3,False,False,55,26,0,True,81,9,5,5,0,5,5,0,False,False,False,False,False,False,False,False,False,False,False,False,False,False,False,False,False,False,False,False,False,False,False,False,False,False,True,True,5,False,False,8,5,1,True,14,5,True,True,2,False,,,
4942_1,Pro-inflammatory Tumor Microenvironment in Acute Lymphoblastic Leukemia,min_growth,complete,26,26,0,26,26,0,False,False,False,True,False,False,False,False,False,False,False,False,False,False,False,False,False,False,False,False,False,False,False,False,False,False,False,False,3,False,False,55,26,0,True,81,9,3,3,0,3,3,0,False,True,True,True,True,False,True,False,False,True,False,True,False,False,True,False,False,True,False,True,False,False,False,False,False,False,True,True,3,False,False,3,1,0,True,4,2,True,True,2,True,AND,,
4942_1,Pro-inflammatory Tumor Microenvironment in Acute Lymphoblastic Leukemia,random,complete,26,26,0,26,26,0,False,False,False,True,False,False,False,False,False,False,False,False,False,False,False,False,False,False,False,False,False,False,False,False,False,False,False,False,3,False,False,55,26,0,True,81,9,3,3,0,3,3,0,False,True,True,True,True,False,True,False,False,True,False,True,False,False,True,False,False,True,False,True,False,False,False,False,False,False,True,True,3,False,False,3,1,0,True,4,2,True,True,2,True,AND,,
4783_1, IGVH mutations in chronic lymphocytic leukemia.,first,complete,91,91,0,91,90,1,False,False,False,True,False,False,False,False,False,False,False,False,False,False,False,False,False,False,False,False,False,False,False,False,False,False,False,False,25,False,False,97,28,0,True,125,5,26,26,0,26,26,0,False,True,True,True,True,False,True,False,False,True,False,True,False,False,True,False,False,True,False,True,False,False,False,False,False,False,True,True,26,False,False,27,1,0,True,28,3,True,False,257,True,AND,,
4783_1, IGVH mutations in chronic lymphocytic leukemia.,min_degree,complete,91,91,0,91,90,1,False,False,False,True,False,False,False,False,False,False,False,False,False,False,False,False,False,False,False,False,False,False,False,False,False,False,False,False,25,False,False,97,28,0,True,125,5,28,28,0,28,28,0,False,False,False,True,False,False,False,False,False,False,False,False,False,False,False,False,False,False,False,False,False,False,False,False,False,False,True,True,28,False,False,32,6,0,True,38,6,True,False,257,False,,,
4783_1, IGVH mutations in chronic lymphocytic leukemia.,min_growth,complete,91,91,0,91,90,1,False,False,False,True,False,False,False,False,False,False,False,False,False,False,False,False,False,False,False,False,False,False,False,False,False,False,False,False,25,False,False,97,28,0,True,125,5,28,28,0,28,28,0,False,False,False,True,False,False,False,False,False,False,False,False,False,False,False,False,False,False,False,False,False,False,False,False,False,False,True,True,28,False,False,32,6,0,True,38,6,True,False,257,False,,,
4783_1, IGVH mutations in chronic lymphocytic leukemia.,random,complete,91,91,0,91,90,1,False,False,False,True,False,False,False,False,False,False,False,False,False,False,False,False,False,False,False,False,False,False,False,False,False,False,False,False,25,False,False,97,28,0,True,125,5,28,28,0,28,28,0,False,False,False,True,False,False,False,False,False,False,False,False,False,False,False,False,False,False,False,False,False,False,False,False,False,False,True,True,28,False,False,32,6,0,True,38,6,True,False,257,False,,,
4775_1,PC12 Cell Differentiation,first,complete,62,62,1,61,61,0,False,True,True,True,False,True,True,False,True,False,True,True,True,True,True,True,True,False,True,False,True,True,False,True,False,False,False,False,0,True,True,108,0,0,True,108,4,3,3,1,2,2,0,False,True,True,True,False,True,True,False,True,False,True,True,True,True,True,True,True,False,True,False,True,True,False,True,False,False,True,True,2,True,True,6,0,0,True,6,3,True,True,3,True,OR,,OR
4775_1,PC12 Cell Differentiation,min_degree,complete,62,62,1,61,61,0,False,True,True,True,False,True,True,False,True,False,True,True,True,True,True,True,True,False,True,False,True,True,False,True,False,False,False,False,0,True,True,108,0,0,True,108,4,2,2,1,1,1,0,False,True,True,True,False,True,True,False,True,False,True,True,True,True,True,True,True,False,True,False,True,True,False,True,False,False,True,True,1,True,True,2,0,0,True,2,2,True,True,3,True,OR,,OR
4775_1,PC12 Cell Differentiation,min_growth,complete,62,62,1,61,61,0,False,True,True,True,False,True,True,False,True,False,True,True,True,True,True,True,True,False,True,False,True,True,False,True,False,False,False,False,0,True,True,108,0,0,True,108,4,2,2,1,1,1,0,False,True,True,True,False,True,True,False,True,False,True,True,True,True,True,True,True,False,True,False,True,True,False,True,False,False,True,True,1,True,True,2,0,0,True,2,2,True,True,3,True,OR,,OR
4775_1,PC12 Cell Differentiation,random,complete,62,62,1,61,61,0,False,True,True,True,False,True,True,False,True,False,True,True,True,True,True,True,True,False,True,False,True,True,False,True,False,False,False,False,0,True,True,108,0,0,True,108,4,3,3,1,2,2,0,False,True,True,True,False,True,True,False,True,False,True,True,True,True,True,True,True,False,True,False,True,True,False,True,False,False,True,True,2,True,True,6,0,0,True,6,3,True,True,3,True,OR,,OR
5025_1,CD4+ T Cell Differentiation and Plasticity,first,complete,18,18,6,12,12,0,False,False,False,True,False,False,False,False,False,False,False,False,False,False,False,False,False,False,False,False,False,False,False,False,False,False,False,False,9,False,False,37,41,0,True,78,10,15,15,6,9,9,0,False,False,False,True,False,False,False,False,False,False,False,False,False,False,False,False,False,False,False,False,False,False,False,False,False,False,True,True,9,False,False,28,25,0,True,53,8,True,False,257,False,,,
5025_1,CD4+ T Cell Differentiation and Plasticity,min_degree,complete,18,18,6,12,12,0,False,False,False,True,False,False,False,False,False,False,False,False,False,False,False,False,False,False,False,False,False,False,False,False,False,False,False,False,9,False,False,37,41,0,True,78,10,15,15,6,9,9,0,False,False,False,True,False,False,False,False,False,False,False,False,False,False,False,False,False,False,False,False,False,False,False,False,False,False,True,True,9,False,False,28,25,0,True,53,8,True,False,257,False,,,
5025_1,CD4+ T Cell Differentiation and Plasticity,min_growth,complete,18,18,6,12,12,0,False,False,False,True,False,False,False,False,False,False,False,False,False,False,False,False,False,False,False,False,False,False,False,False,False,False,False,False,9,False,False,37,41,0,True,78,10,15,15,6,9,9,0,False,False,False,True,False,False,False,False,False,False,False,False,False,False,False,False,False,False,False,False,False,False,False,False,False,False,True,True,9,False,False,28,25,0,True,53,8,True,False,257,False,,,
5025_1,CD4+ T Cell Differentiation and Plasticity,random,complete,18,18,6,12,12,0,False,False,False,True,False,False,False,False,False,False,False,False,False,False,False,False,False,False,False,False,False,False,False,False,False,False,False,False,9,False,False,37,41,0,True,78,10,15,15,6,9,9,0,False,False,False,True,False,False,False,False,False,False,False,False,False,False,False,False,False,False,False,False,False,False,False,False,False,False,True,True,9,False,False,28,25,0,True,53,8,True,False,257,False,,,
4706_1,Predicting Variabilities in Cardiac Gene,first,complete,15,15,1,14,14,0,False,False,False,True,False,False,False,False,False,False,False,False,False,False,False,False,False,False,False,False,False,False,False,False,False,False,False,False,2,False,False,31,7,0,True,38,7,4,4,1,3,3,0,False,False,False,True,False,False,False,False,False,False,False,False,False,False,False,False,False,False,False,False,False,False,False,False,False,False,True,True,3,False,False,7,1,0,True,8,4,True,True,6,False,,,
4706_1,Predicting Variabilities in Cardiac Gene,min_degree,complete,15,15,1,14,14,0,False,False,False,True,False,False,False,False,False,False,False,False,False,False,False,False,False,False,False,False,False,False,False,False,False,False,False,False,2,False,False,31,7,0,True,38,7,4,4,1,3,3,0,False,False,False,True,False,False,False,False,False,False,False,False,False,False,False,False,False,False,False,False,False,False,False,False,False,False,True,True,3,False,False,7,1,0,True,8,4,True,True,6,False,,,
4706_1,Predicting Variabilities in Cardiac Gene,min_growth,complete,15,15,1,14,14,0,False,False,False,True,False,False,False,False,False,False,False,False,False,False,False,False,False,False,False,False,False,False,False,False,False,False,False,False,2,False,False,31,7,0,True,38,7,4,4,1,3,3,0,False,False,False,True,False,False,False,False,False,False,False,False,False,False,False,False,False,False,False,False,False,False,False,False,False,False,True,True,3,False,False,7,1,0,True,8,4,True,True,6,False,,,
4706_1,Predicting Variabilities in Cardiac Gene,random,complete,15,15,1,14,14,0,False,False,False,True,False,False,False,False,False,False,False,False,False,False,False,False,False,False,False,False,False,False,False,False,False,False,False,False,2,False,False,31,7,0,True,38,7,4,4,1,3,3,0,False,False,False,True,False,False,False,False,False,False,False,False,False,False,False,False,False,False,False,False,False,False,False,False,False,False,True,True,3,False,False,7,1,0,True,8,4,True,True,6,False,,,
4779_1,Human Gonadal Sex Determination,first,complete,19,19,0,19,19,0,False,False,False,True,False,False,False,False,False,False,False,False,False,False,False,False,False,False,False,False,False,False,False,False,False,False,False,False,3,False,False,48,27,0,True,75,8,6,6,0,6,6,0,False,False,False,True,False,False,False,False,False,False,False,False,False,False,False,False,False,False,False,False,False,False,False,False,False,False,True,True,6,False,False,18,11,0,True,29,6,True,True,3,False,,,
4779_1,Human Gonadal Sex Determination,min_degree,complete,19,19,0,19,19,0,False,False,False,True,False,False,False,False,False,False,False,False,False,False,False,False,False,False,False,False,False,False,False,False,False,False,False,False,3,False,False,48,27,0,True,75,8,7,7,0,7,7,0,False,False,False,True,False,False,False,False,False,False,False,False,False,False,False,False,False,False,False,False,False,False,False,False,False,False,True,True,7,False,False,20,14,0,True,34,6,True,True,3,False,,,
4779_1,Human Gonadal Sex Determination,min_growth,complete,19,19,0,19,19,0,False,False,False,True,False,False,False,False,False,False,False,False,False,False,False,False,False,False,False,False,False,False,False,False,False,False,False,False,3,False,False,48,27,0,True,75,8,7,7,0,7,7,0,False,False,False,True,False,False,False,False,False,False,False,False,False,False,False,False,False,False,False,False,False,False,False,False,False,False,True,True,7,False,False,20,14,0,True,34,6,True,True,3,False,,,
4779_1,Human Gonadal Sex Determination,random,complete,19,19,0,19,19,0,False,False,False,True,False,False,False,False,False,False,False,False,False,False,False,False,False,False,False,False,False,False,False,False,False,False,False,False,3,False,False,48,27,0,True,75,8,6,6,0,6,6,0,False,False,False,True,False,False,False,False,False,False,False,False,False,False,False,False,False,False,False,False,False,False,False,False,False,False,True,True,6,False,False,18,11,0,True,29,6,True,True,3,False,,,
4790_1,Fanconi anemia and checkpoint recovery,first,complete,15,15,0,15,15,0,False,False,False,False,False,False,False,False,False,False,False,False,False,False,False,False,False,False,False,False,False,False,False,False,False,False,False,False,2,False,False,38,25,1,True,64,8,9,9,0,9,9,0,False,False,False,False,False,False,False,False,False,False,False,False,False,False,False,False,False,False,False,False,False,False,False,False,False,False,True,True,9,False,False,29,35,2,True,66,9,True,True,0,False,,,
4790_1,Fanconi anemia and checkpoint recovery,min_degree,complete,15,15,0,15,15,0,False,False,False,False,False,False,False,False,False,False,False,False,False,False,False,False,False,False,False,False,False,False,False,False,False,False,False,False,2,False,False,38,25,1,True,64,8,5,5,0,5,5,0,False,False,False,False,False,False,False,False,False,False,False,False,False,False,False,False,False,False,False,False,False,False,False,False,False,False,True,True,5,False,False,7,9,1,True,17,4,True,True,0,False,,,
4790_1,Fanconi anemia and checkpoint recovery,min_growth,complete,15,15,0,15,15,0,False,False,False,False,False,False,False,False,False,False,False,False,False,False,False,False,False,False,False,False,False,False,False,False,False,False,False,False,2,False,False,38,25,1,True,64,8,5,5,0,5,5,0,False,False,False,False,False,False,False,False,False,False,False,False,False,False,False,False,False,False,False,False,False,False,False,False,False,False,True,True,5,False,False,8,8,2,True,18,4,True,True,0,False,,,
4790_1,Fanconi anemia and checkpoint recovery,random,complete,15,15,0,15,15,0,False,False,False,False,False,False,False,False,False,False,False,False,False,False,False,False,False,False,False,False,False,False,False,False,False,False,False,False,2,False,False,38,25,1,True,64,8,7,7,0,7,7,0,False,False,False,False,False,False,False,False,False,False,False,False,False,False,False,False,False,False,False,False,False,False,False,False,False,False,True,True,7,False,False,16,18,2,True,36,7,True,True,0,False,,,
4705_1,Septation Initiation Network,first,complete,31,31,8,23,23,0,False,False,False,False,False,False,False,False,False,False,False,False,False,False,False,False,False,False,False,False,False,False,False,False,False,False,False,False,0,False,False,33,12,1,True,46,4,10,10,8,2,2,0,False,False,False,False,False,False,False,False,False,False,False,False,False,False,False,False,False,False,False,False,False,False,False,False,False,False,True,True,2,False,False,4,1,1,True,6,5,True,False,257,False,,,
4705_1,Septation Initiation Network,min_degree,complete,31,31,8,23,23,0,False,False,False,False,False,False,False,False,False,False,False,False,False,False,False,False,False,False,False,False,False,False,False,False,False,False,False,False,0,False,False,33,12,1,True,46,4,10,10,8,2,2,0,False,True,True,True,False,True,True,False,False,False,True,True,False,False,True,False,False,False,True,False,True,False,False,False,False,False,True,True,2,False,True,3,1,0,True,4,3,True,False,257,False,OR,,
4705_1,Septation Initiation Network,min_growth,complete,31,31,8,23,23,0,False,False,False,False,False,False,False,False,False,False,False,False,False,False,False,False,False,False,False,False,False,False,False,False,False,False,False,False,0,False,False,33,12,1,True,46,4,10,10,8,2,2,0,False,True,True,True,False,True,True,False,False,False,True,True,False,False,True,False,False,False,True,False,True,False,False,False,False,False,True,True,2,False,True,3,1,0,True,4,3,True,False,257,False,OR,,
4705_1,Septation Initiation Network,random,complete,31,31,8,23,23,0,False,False,False,False,False,False,False,False,False,False,False,False,False,False,False,False,False,False,False,False,False,False,False,False,False,False,False,False,0,False,False,33,12,1,True,46,4,11,11,8,3,3,0,False,False,False,False,False,False,False,False,False,False,False,False,False,False,False,False,False,False,False,False,False,False,False,False,False,False,True,True,3,False,False,14,1,1,True,16,7,True,False,257,False,,,
4601_1,Colitis-associated colon cancer,first,complete,70,70,1,69,69,0,False,False,False,True,False,False,False,False,False,False,False,False,False,False,False,False,False,False,False,False,False,False,False,False,False,False,False,False,0,False,False,106,47,0,True,153,5,12,12,1,11,11,0,False,False,False,False,False,False,False,False,False,False,False,False,False,False,False,False,False,False,False,False,False,False,False,False,False,False,True,True,11,False,False,32,31,9,True,72,11,True,True,2,False,,,
4601_1,Colitis-associated colon cancer,min_degree,complete,70,70,1,69,69,0,False,False,False,True,False,False,False,False,False,False,False,False,False,False,False,False,False,False,False,False,False,False,False,False,False,False,False,False,0,False,False,106,47,0,True,153,5,11,11,1,10,10,0,False,False,False,False,False,False,False,False,False,False,False,False,False,False,False,False,False,False,False,False,False,False,False,False,False,False,True,True,10,False,False,24,21,6,True,51,8,True,True,2,False,,,
4601_1,Colitis-associated colon cancer,min_growth,complete,70,70,1,69,69,0,False,False,False,True,False,False,False,False,False,False,False,False,False,False,False,False,False,False,False,False,False,False,False,False,False,False,False,False,0,False,False,106,47,0,True,153,5,11,11,1,10,10,0,False,False,False,False,False,False,False,False,False,False,False,False,False,False,False,False,False,False,False,False,False,False,False,False,False,False,True,True,10,False,False,22,22,2,True,46,8,True,True,2,False,,,
4601_1,Colitis-associated colon cancer,random,complete,70,70,1,69,69,0,False,False,False,True,False,False,False,False,False,False,False,False,False,False,False,False,False,False,False,False,False,False,False,False,False,False,False,False,0,False,False,106,47,0,True,153,5,13,13,1,12,12,0,False,False,False,False,False,False,False,False,False,False,False,False,False,False,False,False,False,False,False,False,False,False,False,False,False,False,True,True,12,False,False,44,23,6,True,73,10,True,True,2,False,,,
5128_1,Lac Operon,first,complete,13,13,3,10,10,0,False,False,False,True,False,False,False,False,False,False,False,False,False,False,False,False,False,False,False,False,False,False,False,False,False,False,False,False,0,False,True,13,9,0,True,22,4,5,5,3,2,2,0,False,True,True,True,False,False,False,False,False,False,False,False,False,False,False,False,False,False,False,False,False,False,False,False,False,False,True,True,2,False,True,6,4,0,True,10,5,True,True,9,False,,,
5128_1,Lac Operon,min_degree,complete,13,13,3,10,10,0,False,False,False,True,False,False,False,False,False,False,False,False,False,False,False,False,False,False,False,False,False,False,False,False,False,False,False,False,0,False,True,13,9,0,True,22,4,4,4,3,1,1,0,False,True,True,True,False,False,False,False,False,False,False,False,False,False,False,False,False,False,False,False,False,False,False,False,False,False,True,True,1,False,True,3,1,0,True,4,4,True,True,9,False,,,
5128_1,Lac Operon,min_growth,complete,13,13,3,10,10,0,False,False,False,True,False,False,False,False,False,False,False,False,False,False,False,False,False,False,False,False,False,False,False,False,False,False,False,False,0,False,True,13,9,0,True,22,4,4,4,3,1,1,0,False,True,True,True,False,False,False,False,False,False,False,False,False,False,False,False,False,False,False,False,False,False,False,False,False,False,True,True,1,False,True,3,1,0,True,4,4,True,True,9,False,,,
5128_1,Lac Operon,random,complete,13,13,3,10,10,0,False,False,False,True,False,False,False,False,False,False,False,False,False,False,False,False,False,False,False,False,False,False,False,False,False,False,False,False,0,False,True,13,9,0,True,22,4,4,4,3,1,1,0,False,True,True,True,False,False,False,False,False,False,False,False,False,False,False,False,False,False,False,False,False,False,False,False,False,False,True,True,1,False,True,3,1,0,True,4,4,True,True,9,False,,,
2423_1,Budding Yeast Cell Cycle 2009,first,complete,18,18,0,18,18,0,False,False,False,True,False,False,False,False,False,False,False,False,False,False,False,False,False,False,False,False,False,False,False,False,False,False,False,False,8,False,False,38,20,0,True,58,6,5,5,0,5,5,0,False,False,False,False,False,False,False,False,False,False,False,False,False,False,False,False,False,False,False,False,False,False,False,False,False,False,True,True,5,False,False,10,5,2,True,17,4,True,True,0,False,,,
2423_1,Budding Yeast Cell Cycle 2009,min_degree,complete,18,18,0,18,18,0,False,False,False,True,False,False,False,False,False,False,False,False,False,False,False,False,False,False,False,False,False,False,False,False,False,False,False,False,8,False,False,38,20,0,True,58,6,5,5,0,5,5,0,False,False,False,False,False,False,False,False,False,False,False,False,False,False,False,False,False,False,False,False,False,False,False,False,False,False,True,True,5,False,False,10,5,2,True,17,4,True,True,0,False,,,
2423_1,Budding Yeast Cell Cycle 2009,min_growth,complete,18,18,0,18,18,0,False,False,False,True,False,False,False,False,False,False,False,False,False,False,False,False,False,False,False,False,False,False,False,False,False,False,False,False,8,False,False,38,20,0,True,58,6,5,5,0,5,5,0,False,False,False,False,False,False,False,False,False,False,False,False,False,False,False,False,False,False,False,False,False,False,False,False,False,False,True,True,5,False,False,10,5,2,True,17,4,True,True,0,False,,,
2423_1,Budding Yeast Cell Cycle 2009,random,complete,18,18,0,18,18,0,False,False,False,True,False,False,False,False,False,False,False,False,False,False,False,False,False,False,False,False,False,False,False,False,False,False,False,False,8,False,False,38,20,0,True,58,6,5,5,0,5,5,0,False,False,False,False,False,False,False,False,False,False,False,False,False,False,False,False,False,False,False,False,False,False,False,False,False,False,True,True,5,False,False,10,5,2,True,17,4,True,True,0,False,,,
2394_1,B cell differentiation,first,complete,22,22,5,17,17,0,False,False,False,True,False,False,False,False,False,False,False,False,False,False,False,False,False,False,False,False,False,False,False,False,False,False,False,False,3,False,False,26,13,0,True,39,7,8,8,5,3,3,0,False,False,False,True,False,False,False,False,False,False,False,False,False,False,False,False,False,False,False,False,False,False,False,False,False,False,True,True,3,False,True,10,8,0,True,18,7,True,True,58,False,,,
2394_1,B cell differentiation,min_degree,complete,22,22,5,17,17,0,False,False,False,True,False,False,False,False,False,False,False,False,False,False,False,False,False,False,False,False,False,False,False,False,False,False,False,False,3,False,False,26,13,0,True,39,7,8,8,5,3,3,0,False,False,False,True,False,False,False,False,False,False,False,False,False,False,False,False,False,False,False,False,False,False,False,False,False,False,True,True,3,False,True,10,8,0,True,18,7,True,True,58,False,,,
2394_1,B cell differentiation,min_growth,complete,22,22,5,17,17,0,False,False,False,True,False,False,False,False,False,False,False,False,False,False,False,False,False,False,False,False,False,False,False,False,False,False,False,False,3,False,False,26,13,0,True,39,7,8,8,5,3,3,0,False,False,False,True,False,False,False,False,False,False,False,False,False,False,False,False,False,False,False,False,False,False,False,False,False,False,True,True,3,False,True,10,8,0,True,18,7,True,True,58,False,,,
2394_1,B cell differentiation,random,complete,22,22,5,17,17,0,False,False,False,True,False,False,False,False,False,False,False,False,False,False,False,False,False,False,False,False,False,False,False,False,False,False,False,False,3,False,False,26,13,0,True,39,7,8,8,5,3,3,0,False,False,False,True,False,False,False,False,False,False,False,False,False,False,False,False,False,False,False,False,False,False,False,False,False,False,True,True,3,False,True,10,8,0,True,18,7,True,True,58,False,,,
2901_1,T cell differentiation,first,complete,23,23,4,19,19,0,False,False,False,True,False,False,False,False,False,False,False,False,False,False,False,False,False,False,False,False,False,False,False,False,False,False,False,False,2,False,False,26,8,0,True,34,5,7,7,4,3,3,0,False,False,False,True,False,False,False,False,False,False,False,False,False,False,False,False,False,False,False,False,False,False,False,False,False,False,True,True,3,False,False,7,5,0,True,12,7,True,True,33,False,,,
2901_1,T cell differentiation,min_degree,complete,23,23,4,19,19,0,False,False,False,True,False,False,False,False,False,False,False,False,False,False,False,False,False,False,False,False,False,False,False,False,False,False,False,False,2,False,False,26,8,0,True,34,5,7,7,4,3,3,0,False,False,False,True,False,False,False,False,False,False,False,False,False,False,False,False,False,False,False,False,False,False,False,False,False,False,True,True,3,False,False,7,5,0,True,12,7,True,True,33,False,,,
2901_1,T cell differentiation,min_growth,complete,23,23,4,19,19,0,False,False,False,True,False,False,False,False,False,False,False,False,False,False,False,False,False,False,False,False,False,False,False,False,False,False,False,False,2,False,False,26,8,0,True,34,5,7,7,4,3,3,0,False,False,False,True,False,False,False,False,False,False,False,False,False,False,False,False,False,False,False,False,False,False,False,False,False,False,True,True,3,False,False,7,5,0,True,12,7,True,True,33,False,,,
2901_1,T cell differentiation,random,complete,23,23,4,19,19,0,False,False,False,True,False,False,False,False,False,False,False,False,False,False,False,False,False,False,False,False,False,False,False,False,False,False,False,False,2,False,False,26,8,0,True,34,5,7,7,4,3,3,0,False,False,False,True,False,False,False,False,False,False,False,False,False,False,False,False,False,False,False,False,False,False,False,False,False,False,True,True,3,False,False,7,6,0,True,13,7,True,True,33,False,,,
2172_1,Cholesterol Regulatory Pathway,first,complete,34,34,0,34,34,0,False,False,False,True,False,False,True,False,False,False,False,True,False,False,False,False,False,False,False,False,False,False,False,False,False,False,False,False,2,False,False,39,4,0,True,43,3,2,2,0,2,2,0,False,True,True,True,True,True,True,True,True,True,True,True,True,True,True,True,True,True,True,True,True,True,True,True,True,True,True,True,2,True,True,2,0,0,False,2,1,True,True,4,True,AND,,
2172_1,Cholesterol Regulatory Pathway,min_degree,complete,34,34,0,34,34,0,False,False,False,True,False,False,True,False,False,False,False,True,False,False,False,False,False,False,False,False,False,False,False,False,False,False,False,False,2,False,False,39,4,0,True,43,3,2,2,0,2,2,0,False,True,True,True,True,True,True,True,True,True,True,True,True,True,True,True,True,True,True,True,True,True,True,True,True,True,True,True,2,True,True,2,0,0,False,2,1,True,True,4,True,AND,,
2172_1,Cholesterol Regulatory Pathway,min_growth,complete,34,34,0,34,34,0,False,False,False,True,False,False,True,False,False,False,False,True,False,False,False,False,False,False,False,False,False,False,False,False,False,False,False,False,2,False,False,39,4,0,True,43,3,2,2,0,2,2,0,False,True,True,True,True,True,True,True,True,True,True,True,True,True,True,True,True,True,True,True,True,True,True,True,True,True,True,True,2,True,True,2,0,0,False,2,1,True,True,4,True,AND,,
2172_1,Cholesterol Regulatory Pathway,random,complete,34,34,0,34,34,0,False,False,False,True,False,False,True,False,False,False,False,True,False,False,False,False,False,False,False,False,False,False,False,False,False,False,False,False,2,False,False,39,4,0,True,43,3,2,2,0,2,2,0,False,True,True,True,True,True,True,True,True,True,True,True,True,True,True,True,True,True,True,True,True,True,True,True,True,True,True,True,2,True,True,2,0,0,False,2,1,True,True,4,True,AND,,
1778_1,FA BRCA pathway,first,complete,28,28,0,28,28,0,False,False,False,True,False,False,False,False,False,False,False,False,False,False,False,False,False,False,False,False,False,False,False,False,False,False,False,False,4,False,False,79,43,0,True,122,9,7,7,0,7,7,0,False,False,False,False,False,False,False,False,False,False,False,False,False,False,False,False,False,False,False,False,False,False,False,False,False,False,True,True,7,False,False,15,11,5,True,31,6,True,True,0,False,,,
1778_1,FA BRCA pathway,min_degree,complete,28,28,0,28,28,0,False,False,False,True,False,False,False,False,False,False,False,False,False,False,False,False,False,False,False,False,False,False,False,False,False,False,False,False,4,False,False,79,43,0,True,122,9,7,7,0,7,7,0,False,False,False,False,False,False,False,False,False,False,False,False,False,False,False,False,False,False,False,False,False,False,False,False,False,False,True,True,7,False,False,15,11,5,True,31,6,True,True,0,False,,,
1778_1,FA BRCA pathway,min_growth,complete,28,28,0,28,28,0,False,False,False,True,False,False,False,False,False,False,False,False,False,False,False,False,False,False,False,False,False,False,False,False,False,False,False,False,4,False,False,79,43,0,True,122,9,7,7,0,7,7,0,False,False,False,False,False,False,False,False,False,False,False,False,False,False,False,False,False,False,False,False,False,False,False,False,False,False,True,True,7,False,False,15,11,5,True,31,6,True,True,0,False,,,
1778_1,FA BRCA pathway,random,complete,28,28,0,28,28,0,False,False,False,True,False,False,False,False,False,False,False,False,False,False,False,False,False,False,False,False,False,False,False,False,False,False,False,False,4,False,False,79,43,0,True,122,9,7,7,0,7,7,0,False,False,False,False,False,False,False,False,False,False,False,False,False,False,False,False,False,False,False,False,False,False,False,False,False,False,True,True,7,False,False,16,13,3,True,32,6,True,True,0,False,,,
2035_1,Cortical Area Development,first,complete,5,5,0,5,5,0,False,False,False,True,True,False,True,False,False,True,False,True,False,False,False,False,False,False,False,False,False,False,False,False,False,False,False,False,1,False,True,5,9,0,True,14,4,1,1,0,1,1,0,False,True,True,True,True,True,True,True,True,True,True,True,True,True,True,True,True,True,True,True,True,True,True,True,True,True,True,True,1,True,True,1,0,0,False,1,1,True,True,2,True,AND,,
2035_1,Cortical Area Development,min_degree,complete,5,5,0,5,5,0,False,False,False,True,True,False,True,False,False,True,False,True,False,False,False,False,False,False,False,False,False,False,False,False,False,False,False,False,1,False,True,5,9,0,True,14,4,1,1,0,1,1,0,False,True,True,True,True,True,True,True,True,True,True,True,True,True,True,True,True,True,True,True,True,True,True,True,True,True,True,True,1,True,True,1,0,0,False,1,1,True,True,2,True,AND,,
2035_1,Cortical Area Development,min_growth,complete,5,5,0,5,5,0,False,False,False,True,True,False,True,False,False,True,False,True,False,False,False,False,False,False,False,False,False,False,False,False,False,False,False,False,1,False,True,5,9,0,True,14,4,1,1,0,1,1,0,False,True,True,True,True,True,True,True,True,True,True,True,True,True,True,True,True,True,True,True,True,True,True,True,True,True,True,True,1,True,True,1,0,0,False,1,1,True,True,2,True,AND,,
2035_1,Cortical Area Development,random,complete,5,5,0,5,5,0,False,False,False,True,True,False,True,False,False,True,False,True,False,False,False,False,False,False,False,False,False,False,False,False,False,False,False,False,1,False,True,5,9,0,True,14,4,1,1,0,1,1,0,False,True,True,True,True,True,True,True,True,True,True,True,True,True,True,True,True,True,True,True,True,True,True,True,True,True,True,True,1,True,True,1,0,0,False,1,1,True,True,2,True,AND,,
2084_1,Death Receptor Signaling,first,complete,28,28,3,25,25,0,False,False,False,True,False,False,False,False,False,False,False,False,False,False,False,False,False,False,False,False,False,False,False,False,False,False,False,False,1,False,False,33,12,0,True,45,4,8,8,3,5,5,0,False,False,False,False,False,False,False,False,False,False,False,False,False,False,False,False,False,False,False,False,False,False,False,False,False,False,True,True,5,False,False,18,8,11,True,37,8,True,True,27,False,,,
2084_1,Death Receptor Signaling,min_degree,complete,28,28,3,25,25,0,False,False,False,True,False,False,False,False,False,False,False,False,False,False,False,False,False,False,False,False,False,False,False,False,False,False,False,False,1,False,False,33,12,0,True,45,4,6,6,3,3,3,0,False,False,False,False,False,False,False,False,False,False,False,False,False,False,False,False,False,False,False,False,False,False,False,False,False,False,True,True,3,False,False,6,5,4,True,15,6,True,True,27,False,,,
2084_1,Death Receptor Signaling,min_growth,complete,28,28,3,25,25,0,False,False,False,True,False,False,False,False,False,False,False,False,False,False,False,False,False,False,False,False,False,False,False,False,False,False,False,False,1,False,False,33,12,0,True,45,4,6,6,3,3,3,0,False,False,False,False,False,False,False,False,False,False,False,False,False,False,False,False,False,False,False,False,False,False,False,False,False,False,True,True,3,False,False,9,5,4,True,18,6,True,True,27,False,,,
2084_1,Death Receptor Signaling,random,complete,28,28,3,25,25,0,False,False,False,True,False,False,False,False,False,False,False,False,False,False,False,False,False,False,False,False,False,False,False,False,False,False,False,False,1,False,False,33,12,0,True,45,4,8,8,3,5,5,0,False,False,False,False,False,False,False,False,False,False,False,False,False,False,False,False,False,False,False,False,False,False,False,False,False,False,True,True,5,False,False,16,12,3,True,31,8,True,True,27,False,,,
2404_1,Budding Yeast Cell Cycle,first,complete,20,20,4,16,16,0,False,False,False,False,False,False,False,False,False,False,False,False,False,False,False,False,False,False,False,False,False,False,False,False,False,False,False,False,2,False,False,20,21,1,True,42,6,7,7,4,3,3,0,False,False,False,False,False,False,False,False,False,False,False,False,False,False,False,False,False,False,False,False,False,False,False,False,False,False,True,True,3,False,False,6,6,2,True,14,5,True,True,20,False,,,
2404_1,Budding Yeast Cell Cycle,min_degree,complete,20,20,4,16,16,0,False,False,False,False,False,False,False,False,False,False,False,False,False,False,False,False,False,False,False,False,False,False,False,False,False,False,False,False,2,False,False,20,21,1,True,42,6,7,7,4,3,3,0,False,False,False,False,False,False,False,False,False,False,False,False,False,False,False,False,False,False,False,False,False,False,False,False,False,False,True,True,3,False,False,7,5,2,True,14,5,True,True,20,False,,,
2404_1,Budding Yeast Cell Cycle,min_growth,complete,20,20,4,16,16,0,False,False,False,False,False,False,False,False,False,False,False,False,False,False,False,False,False,False,False,False,False,False,False,False,False,False,False,False,2,False,False,20,21,1,True,42,6,7,7,4,3,3,0,False,False,False,False,False,False,False,False,False,False,False,False,False,False,False,False,False,False,False,False,False,False,False,False,False,False,True,True,3,False,False,6,6,2,True,14,5,True,True,20,False,,,
2404_1,Budding Yeast Cell Cycle,random,complete,20,20,4,16,16,0,False,False,False,False,False,False,False,False,False,False,False,False,False,False,False,False,False,False,False,False,False,False,False,False,False,False,False,False,2,False,False,20,21,1,True,42,6,7,7,4,3,3,0,False,False,False,False,False,False,False,False,False,False,False,False,False,False,False,False,False,False,False,False,False,False,False,False,False,False,True,True,3,False,False,6,6,2,True,14,5,True,True,20,False,,,
2663_1,Wg Pathway of Drosophila Signalling Pathways,first,complete,26,26,14,12,12,0,False,True,True,True,False,False,False,False,False,False,False,False,False,False,False,False,False,False,False,False,False,False,False,False,False,False,False,False,0,False,False,16,13,0,True,29,7,15,15,14,1,1,0,False,True,True,True,False,False,False,False,False,False,False,False,False,False,False,False,False,False,False,False,False,False,False,False,False,False,True,True,1,False,False,3,4,0,True,7,7,True,False,257,False,,,
2663_1,Wg Pathway of Drosophila Signalling Pathways,min_degree,complete,26,26,14,12,12,0,False,True,True,True,False,False,False,False,False,False,False,False,False,False,False,False,False,False,False,False,False,False,False,False,False,False,False,False,0,False,False,16,13,0,True,29,7,15,15,14,1,1,0,False,True,True,True,False,False,False,False,False,False,False,False,False,False,False,False,False,False,False,False,False,False,False,False,False,False,True,True,1,False,False,3,4,0,True,7,7,True,False,257,False,,,
2663_1,Wg Pathway of Drosophila Signalling Pathways,min_growth,complete,26,26,14,12,12,0,False,True,True,True,False,False,False,False,False,False,False,False,False,False,False,False,False,False,False,False,False,False,False,False,False,False,False,False,0,False,False,16,13,0,True,29,7,15,15,14,1,1,0,False,True,True,True,False,False,False,False,False,False,False,False,False,False,False,False,False,False,False,False,False,False,False,False,False,False,True,True,1,False,False,3,4,0,True,7,7,True,False,257,False,,,
2663_1,Wg Pathway of Drosophila Signalling Pathways,random,complete,26,26,14,12,12,0,False,True,True,True,False,False,False,False,False,False,False,False,False,False,False,False,False,False,False,False,False,False,False,False,False,False,False,False,0,False,False,16,13,0,True,29,7,15,15,14,1,1,0,False,True,True,True,False,False,False,False,False,False,False,False,False,False,False,False,False,False,False,False,False,False,False,False,False,False,True,True,1,False,False,3,4,0,True,7,7,True,False,257,False,,,
2667_1,VEGF Pathway of Drosophila Signaling Pathway,first,complete,18,18,8,10,10,0,False,False,False,True,False,False,True,False,False,False,False,True,False,False,False,False,False,False,False,False,False,False,False,False,False,False,False,False,0,False,True,15,3,0,True,18,4,8,8,8,0,0,0,True,True,False,True,False,False,False,False,False,False,False,False,False,False,False,False,False,False,False,False,False,False,False,False,False,True,True,True,0,False,True,0,0,0,False,0,0,True,True,256,True,,,
2667_1,VEGF Pathway of Drosophila Signaling Pathway,min_degree,complete,18,18,8,10,10,0,False,False,False,True,False,False,True,False,False,False,False,True,False,False,False,False,False,False,False,False,False,False,False,False,False,False,False,False,0,False,True,15,3,0,True,18,4,8,8,8,0,0,0,True,True,False,True,False,False,False,False,False,False,False,False,False,False,False,False,False,False,False,False,False,False,False,False,False,True,True,True,0,False,True,0,0,0,False,0,0,True,True,256,True,,,
2667_1,VEGF Pathway of Drosophila Signaling Pathway,min_growth,complete,18,18,8,10,10,0,False,False,False,True,False,False,True,False,False,False,False,True,False,False,False,False,False,False,False,False,False,False,False,False,False,False,False,False,0,False,True,15,3,0,True,18,4,8,8,8,0,0,0,True,True,False,True,False,False,False,False,False,False,False,False,False,False,False,False,False,False,False,False,False,False,False,False,False,True,True,True,0,False,True,0,0,0,False,0,0,True,True,256,True,,,
2667_1,VEGF Pathway of Drosophila Signaling Pathway,random,complete,18,18,8,10,10,0,False,False,False,True,False,False,True,False,False,False,False,True,False,False,False,False,False,False,False,False,False,False,False,False,False,False,False,False,0,False,True,15,3,0,True,18,4,8,8,8,0,0,0,True,True,False,True,False,False,False,False,False,False,False,False,False,False,False,False,False,False,False,False,False,False,False,False,False,True,True,True,0,False,True,0,0,0,False,0,0,True,True,256,True,,,
2668_1,Toll Pathway of Drosophila Signaling Pathway,first,complete,11,11,2,9,9,0,False,True,True,True,False,True,True,False,False,False,True,True,False,True,True,True,True,False,True,False,True,False,False,False,False,False,False,False,0,False,True,6,5,0,True,11,2,2,2,2,0,0,0,True,True,False,True,False,False,False,False,False,False,False,False,False,False,False,False,False,False,False,False,False,False,False,False,False,True,True,True,0,False,True,0,0,0,False,0,0,True,True,4,True,,,OR
2668_1,Toll Pathway of Drosophila Signaling Pathway,min_degree,complete,11,11,2,9,9,0,False,True,True,True,False,True,True,False,False,False,True,True,False,True,True,True,True,False,True,False,True,False,False,False,False,False,False,False,0,False,True,6,5,0,True,11,2,2,2,2,0,0,0,True,True,False,True,False,False,False,False,False,False,False,False,False,False,False,False,False,False,False,False,False,False,False,False,False,True,True,True,0,False,True,0,0,0,False,0,0,True,True,4,True,,,OR
2668_1,Toll Pathway of Drosophila Signaling Pathway,min_growth,complete,11,11,2,9,9,0,False,True,True,True,False,True,True,False,False,False,True,True,False,True,True,True,True,False,True,False,True,False,False,False,False,False,False,False,0,False,True,6,5,0,True,11,2,2,2,2,0,0,0,True,True,False,True,False,False,False,False,False,False,False,False,False,False,False,False,False,False,False,False,False,False,False,False,False,True,True,True,0,False,True,0,0,0,False,0,0,True,True,4,True,,,OR
2668_1,Toll Pathway of Drosophila Signaling Pathway,random,complete,11,11,2,9,9,0,False,True,True,True,False,True,True,False,False,False,True,True,False,True,True,True,True,False,True,False,True,False,False,False,False,False,False,False,0,False,True,6,5,0,True,11,2,2,2,2,0,0,0,True,True,False,True,False,False,False,False,False,False,False,False,False,False,False,False,False,False,False,False,False,False,False,False,False,True,True,True,0,False,True,0,0,0,False,0,0,True,True,4,True,,,OR
2669_1,Processing of Spz Network from the Drosophila Signaling Pathway,first,complete,24,24,6,18,18,0,False,True,True,True,False,False,True,False,False,False,False,True,False,False,True,False,False,False,False,False,False,False,False,False,False,False,False,False,0,False,True,27,1,0,True,28,5,6,6,6,0,0,0,True,True,False,True,False,False,False,False,False,False,False,False,False,False,False,False,False,False,False,False,False,False,False,False,False,True,True,True,0,False,True,0,0,0,False,0,0,True,True,64,True,,,
2669_1,Processing of Spz Network from the Drosophila Signaling Pathway,min_degree,complete,24,24,6,18,18,0,False,True,True,True,False,False,True,False,False,False,False,True,False,False,True,False,False,False,False,False,False,False,False,False,False,False,False,False,0,False,True,27,1,0,True,28,5,6,6,6,0,0,0,True,True,False,True,False,False,False,False,False,False,False,False,False,False,False,False,False,False,False,False,False,False,False,False,False,True,True,True,0,False,True,0,0,0,False,0,0,True,True,64,True,,,
2669_1,Processing of Spz Network from the Drosophila Signaling Pathway,min_growth,complete,24,24,6,18,18,0,False,True,True,True,False,False,True,False,False,False,False,True,False,False,True,False,False,False,False,False,False,False,False,False,False,False,False,False,0,False,True,27,1,0,True,28,5,6,6,6,0,0,0,True,True,False,True,False,False,False,False,False,False,False,False,False,False,False,False,False,False,False,False,False,False,False,False,False,True,True,True,0,False,True,0,0,0,False,0,0,True,True,64,True,,,
2669_1,Processing of Spz Network from the Drosophila Signaling Pathway,random,complete,24,24,6,18,18,0,False,True,True,True,False,False,True,False,False,False,False,True,False,False,True,False,False,False,False,False,False,False,False,False,False,False,False,False,0,False,True,27,1,0,True,28,5,6,6,6,0,0,0,True,True,False,True,False,False,False,False,False,False,False,False,False,False,False,False,False,False,False,False,False,False,False,False,False,True,True,True,0,False,True,0,0,0,False,0,0,True,True,64,True,,,
2681_1,Cell Cycle Transcription by Coupled CDK and Network Oscillators,first,complete,9,9,0,9,9,0,False,True,True,True,False,False,False,False,False,False,False,False,False,False,False,False,False,False,False,False,False,False,False,False,False,False,False,False,0,False,False,15,4,0,True,19,4,3,3,0,3,3,0,False,True,True,True,True,False,True,False,False,True,False,True,False,False,True,False,False,True,False,True,False,False,False,False,False,True,True,True,3,False,False,3,6,0,True,9,3,True,True,1,True,AND,,
2681_1,Cell Cycle Transcription by Coupled CDK and Network Oscillators,min_degree,complete,9,9,0,9,9,0,False,True,True,True,False,False,False,False,False,False,False,False,False,False,False,False,False,False,False,False,False,False,False,False,False,False,False,False,0,False,False,15,4,0,True,19,4,0,0,0,0,0,0,True,True,False,True,False,False,False,False,False,False,False,False,False,False,False,False,False,False,False,False,False,False,False,False,False,True,True,True,0,False,True,0,0,0,False,0,0,True,True,1,True,,,
2681_1,Cell Cycle Transcription by Coupled CDK and Network Oscillators,min_growth,complete,9,9,0,9,9,0,False,True,True,True,False,False,False,False,False,False,False,False,False,False,False,False,False,False,False,False,False,False,False,False,False,False,False,False,0,False,False,15,4,0,True,19,4,0,0,0,0,0,0,True,True,False,True,False,False,False,False,False,False,False,False,False,False,False,False,False,False,False,False,False,False,False,False,False,True,True,True,0,False,True,0,0,0,False,0,0,True,True,1,True,,,
2681_1,Cell Cycle Transcription by Coupled CDK and Network Oscillators,random,complete,9,9,0,9,9,0,False,True,True,True,False,False,False,False,False,False,False,False,False,False,False,False,False,False,False,False,False,False,False,False,False,False,False,False,0,False,False,15,4,0,True,19,4,0,0,0,0,0,0,True,True,False,True,False,False,False,False,False,False,False,False,False,False,False,False,False,False,False,False,False,False,False,False,False,True,True,True,0,False,True,0,0,0,False,0,0,True,True,1,True,,,
2691_1,T-Cell Signaling 2006,first,complete,40,40,3,37,37,0,False,True,True,True,False,False,False,False,False,False,False,False,False,False,False,False,False,False,False,False,False,False,False,False,False,False,False,False,0,False,False,47,5,0,True,52,5,5,5,3,2,2,0,False,True,True,True,False,False,False,False,False,False,False,False,False,False,False,False,False,False,False,False,False,False,False,False,False,False,True,True,2,False,False,5,4,0,True,9,5,True,True,7,True,,,
2691_1,T-Cell Signaling 2006,min_degree,complete,40,40,3,37,37,0,False,True,True,True,False,False,False,False,False,False,False,False,False,False,False,False,False,False,False,False,False,False,False,False,False,False,False,False,0,False,False,47,5,0,True,52,5,4,4,3,1,1,0,False,True,True,True,False,False,False,False,False,False,False,False,False,False,False,False,False,False,False,False,False,False,False,False,False,False,True,True,1,False,False,3,1,0,True,4,4,True,True,7,True,,,
2691_1,T-Cell Signaling 2006,min_growth,complete,40,40,3,37,37,0,False,True,True,True,False,False,False,False,False,False,False,False,False,False,False,False,False,False,False,False,False,False,False,False,False,False,False,False,0,False,False,47,5,0,True,52,5,4,4,3,1,1,0,False,True,True,True,False,False,False,False,False,False,False,False,False,False,False,False,False,False,False,False,False,False,False,False,False,False,True,True,1,False,False,3,1,0,True,4,4,True,True,7,True,,,
2691_1,T-Cell Signaling 2006,random,complete,40,40,3,37,37,0,False,True,True,True,False,False,False,False,False,False,False,False,False,False,False,False,False,False,False,False,False,False,False,False,False,False,False,False,0,False,False,47,5,0,True,52,5,5,5,3,2,2,0,False,True,True,True,False,False,False,False,False,False,False,False,False,False,False,False,False,False,False,False,False,False,False,False,False,False,True,True,2,False,False,5,4,0,True,9,5,True,True,7,True,,,
2697_1,BT474 Breast Cell Line Long-term ErbB Network,first,complete,25,25,4,21,21,0,False,False,False,True,False,False,False,False,False,False,False,False,False,False,False,False,False,False,False,False,False,False,False,False,False,False,True,True,21,False,False,47,23,0,True,70,6,25,25,4,21,21,0,False,False,False,True,False,False,False,False,False,False,False,False,False,False,False,False,False,False,False,False,False,False,False,False,False,False,True,True,21,False,False,47,23,0,True,70,6,True,False,257,False,,,
2697_1,BT474 Breast Cell Line Long-term ErbB Network,min_degree,complete,25,25,4,21,21,0,False,False,False,True,False,False,False,False,False,False,False,False,False,False,False,False,False,False,False,False,False,False,False,False,False,False,True,True,21,False,False,47,23,0,True,70,6,25,25,4,21,21,0,False,False,False,True,False,False,False,False,False,False,False,False,False,False,False,False,False,False,False,False,False,False,False,False,False,False,True,True,21,False,False,47,23,0,True,70,6,True,False,257,False,,,
2697_1,BT474 Breast Cell Line Long-term ErbB Network,min_growth,complete,25,25,4,21,21,0,False,False,False,True,False,False,False,False,False,False,False,False,False,False,False,False,False,False,False,False,False,False,False,False,False,False,True,True,21,False,False,47,23,0,True,70,6,25,25,4,21,21,0,False,False,False,True,False,False,False,False,False,False,False,False,False,False,False,False,False,False,False,False,False,False,False,False,False,False,True,True,21,False,False,47,23,0,True,70,6,True,False,257,False,,,
2697_1,BT474 Breast Cell Line Long-term ErbB Network,random,complete,25,25,4,21,21,0,False,False,False,True,False,False,False,False,False,False,False,False,False,False,False,False,False,False,False,False,False,False,False,False,False,False,True,True,21,False,False,47,23,0,True,70,6,25,25,4,21,21,0,False,False,False,True,False,False,False,False,False,False,False,False,False,False,False,False,False,False,False,False,False,False,False,False,False,False,True,True,21,False,False,47,23,0,True,70,6,True,False,257,False,,,
2698_1,HCC1954 Breast Cell Line Long-term ErbB Network,first,complete,25,25,4,21,21,0,False,False,False,True,False,False,False,False,False,False,False,False,False,False,False,False,False,False,False,False,False,False,False,False,False,False,True,True,21,False,False,50,20,0,True,70,6,25,25,4,21,21,0,False,False,False,True,False,False,False,False,False,False,False,False,False,False,False,False,False,False,False,False,False,False,False,False,False,False,True,True,21,False,False,50,20,0,True,70,6,True,False,257,False,,,
2698_1,HCC1954 Breast Cell Line Long-term ErbB Network,min_degree,complete,25,25,4,21,21,0,False,False,False,True,False,False,False,False,False,False,False,False,False,False,False,False,False,False,False,False,False,False,False,False,False,False,True,True,21,False,False,50,20,0,True,70,6,25,25,4,21,21,0,False,False,False,True,False,False,False,False,False,False,False,False,False,False,False,False,False,False,False,False,False,False,False,False,False,False,True,True,21,False,False,50,20,0,True,70,6,True,False,257,False,,,
2698_1,HCC1954 Breast Cell Line Long-term ErbB Network,min_growth,complete,25,25,4,21,21,0,False,False,False,True,False,False,False,False,False,False,False,False,False,False,False,False,False,False,False,False,False,False,False,False,False,False,True,True,21,False,False,50,20,0,True,70,6,25,25,4,21,21,0,False,False,False,True,False,False,False,False,False,False,False,False,False,False,False,False,False,False,False,False,False,False,False,False,False,False,True,True,21,False,False,50,20,0,True,70,6,True,False,257,False,,,
2698_1,HCC1954 Breast Cell Line Long-term ErbB Network,random,complete,25,25,4,21,21,0,False,False,False,True,False,False,False,False,False,False,False,False,False,False,False,False,False,False,False,False,False,False,False,False,False,False,True,True,21,False,False,50,20,0,True,70,6,25,25,4,21,21,0,False,False,False,True,False,False,False,False,False,False,False,False,False,False,False,False,False,False,False,False,False,False,False,False,False,False,True,True,21,False,False,50,20,0,True,70,6,True,False,257,False,,,
2699_1,BT474 Breast Cell Line Short-term ErbB Network,first,complete,16,16,5,11,11,0,False,False,False,True,False,False,False,False,False,False,False,False,False,False,False,False,False,False,False,False,False,False,False,False,False,False,True,True,11,False,False,39,7,0,True,46,6,16,16,5,11,11,0,False,False,False,True,False,False,False,False,False,False,False,False,False,False,False,False,False,False,False,False,False,False,False,False,False,False,True,True,11,False,False,39,7,0,True,46,6,True,True,253,False,,,
2699_1,BT474 Breast Cell Line Short-term ErbB Network,min_degree,complete,16,16,5,11,11,0,False,False,False,True,False,False,False,False,False,False,False,False,False,False,False,False,False,False,False,False,False,False,False,False,False,False,True,True,11,False,False,39,7,0,True,46,6,16,16,5,11,11,0,False,False,False,True,False,False,False,False,False,False,False,False,False,False,False,False,False,False,False,False,False,False,False,False,False,False,True,True,11,False,False,39,7,0,True,46,6,True,True,253,False,,,
2699_1,BT474 Breast Cell Line Short-term ErbB Network,min_growth,complete,16,16,5,11,11,0,False,False,False,True,False,False,False,False,False,False,False,False,False,False,False,False,False,False,False,False,False,False,False,False,False,False,True,True,11,False,False,39,7,0,True,46,6,16,16,5,11,11,0,False,False,False,True,False,False,False,False,False,False,False,False,False,False,False,False,False,False,False,False,False,False,False,False,False,False,True,True,11,False,False,39,7,0,True,46,6,True,True,253,False,,,
2699_1,BT474 Breast Cell Line Short-term ErbB Network,random,complete,16,16,5,11,11,0,False,False,False,True,False,False,False,False,False,False,False,False,False,False,False,False,False,False,False,False,False,False,False,False,False,False,True,True,11,False,False,39,7,0,True,46,6,16,16,5,11,11,0,False,False,False,True,False,False,False,False,False,False,False,False,False,False,False,False,False,False,False,False,False,False,False,False,False,False,True,True,11,False,False,39,7,0,True,46,6,True,True,253,False,,,
2700_1,HCC1954 Breast Cell Line Short-term ErbB Network,first,complete,16,16,5,11,11,0,False,False,False,True,False,False,False,False,False,False,False,False,False,False,False,False,False,False,False,False,False,False,False,False,False,False,True,True,11,False,False,39,7,0,True,46,6,16,16,5,11,11,0,False,False,False,True,False,False,False,False,False,False,False,False,False,False,False,False,False,False,False,False,False,False,False,False,False,False,True,True,11,False,False,39,7,0,True,46,6,True,False,257,False,,,
2700_1,HCC1954 Breast Cell Line Short-term ErbB Network,min_degree,complete,16,16,5,11,11,0,False,False,False,True,False,False,False,False,False,False,False,False,False,False,False,False,False,False,False,False,False,False,False,False,False,False,True,True,11,False,False,39,7,0,True,46,6,16,16,5,11,11,0,False,False,False,True,False,False,False,False,False,False,False,False,False,False,False,False,False,False,False,False,False,False,False,False,False,False,True,True,11,False,False,39,7,0,True,46,6,True,False,257,False,,,
2700_1,HCC1954 Breast Cell Line Short-term ErbB Network,min_growth,complete,16,16,5,11,11,0,False,False,False,True,False,False,False,False,False,False,False,False,False,False,False,False,False,False,False,False,False,False,False,False,False,False,True,True,11,False,False,39,7,0,True,46,6,16,16,5,11,11,0,False,False,False,True,False,False,False,False,False,False,False,False,False,False,False,False,False,False,False,False,False,False,False,False,False,False,True,True,11,False,False,39,7,0,True,46,6,True,False,257,False,,,
2700_1,HCC1954 Breast Cell Line Short-term ErbB Network,random,complete,16,16,5,11,11,0,False,False,False,True,False,False,False,False,False,False,False,False,False,False,False,False,False,False,False,False,False,False,False,False,False,False,True,True,11,False,False,39,7,0,True,46,6,16,16,5,11,11,0,False,False,False,True,False,False,False,False,False,False,False,False,False,False,False,False,False,False,False,False,False,False,False,False,False,False,True,True,11,False,False,39,7,0,True,46,6,True,False,257,False,,,
2701_1,SKBR3 Breast Cell Line Short-term ErbB Network,first,complete,16,16,5,11,11,0,False,True,True,True,False,False,False,False,False,False,False,False,False,False,False,False,False,False,False,False,False,False,False,False,False,False,True,True,11,False,True,34,7,0,True,41,5,16,16,5,11,11,0,False,True,True,True,False,False,False,False,False,False,False,False,False,False,False,False,False,False,False,False,False,False,False,False,False,False,True,True,11,False,True,34,7,0,True,41,5,True,False,257,False,,,
2701_1,SKBR3 Breast Cell Line Short-term ErbB Network,min_degree,complete,16,16,5,11,11,0,False,True,True,True,False,False,False,False,False,False,False,False,False,False,False,False,False,False,False,False,False,False,False,False,False,False,True,True,11,False,True,34,7,0,True,41,5,16,16,5,11,11,0,False,True,True,True,False,False,False,False,False,False,False,False,False,False,False,False,False,False,False,False,False,False,False,False,False,False,True,True,11,False,True,34,7,0,True,41,5,True,False,257,False,,,
2701_1,SKBR3 Breast Cell Line Short-term ErbB Network,min_growth,complete,16,16,5,11,11,0,False,True,True,True,False,False,False,False,False,False,False,False,False,False,False,False,False,False,False,False,False,False,False,False,False,False,True,True,11,False,True,34,7,0,True,41,5,16,16,5,11,11,0,False,True,True,True,False,False,False,False,False,False,False,False,False,False,False,False,False,False,False,False,False,False,False,False,False,False,True,True,11,False,True,34,7,0,True,41,5,True,False,257,False,,,
2701_1,SKBR3 Breast Cell Line Short-term ErbB Network,random,complete,16,16,5,11,11,0,False,True,True,True,False,False,False,False,False,False,False,False,False,False,False,False,False,False,False,False,False,False,False,False,False,False,True,True,11,False,True,34,7,0,True,41,5,16,16,5,11,11,0,False,True,True,True,False,False,False,False,False,False,False,False,False,False,False,False,False,False,False,False,False,False,False,False,False,False,True,True,11,False,True,34,7,0,True,41,5,True,False,257,False,,,
2703_1,SKBR3 Breast Cell Line Long-term ErbB Network,first,complete,25,25,4,21,21,0,False,False,False,True,False,False,False,False,False,False,False,False,False,False,False,False,False,False,False,False,False,False,False,False,False,False,True,True,21,False,False,55,26,0,True,81,7,25,25,4,21,21,0,False,False,False,True,False,False,False,False,False,False,False,False,False,False,False,False,False,False,False,False,False,False,False,False,False,False,True,True,21,False,False,55,26,0,True,81,7,True,False,257,False,,,
2703_1,SKBR3 Breast Cell Line Long-term ErbB Network,min_degree,complete,25,25,4,21,21,0,False,False,False,True,False,False,False,False,False,False,False,False,False,False,False,False,False,False,False,False,False,False,False,False,False,False,True,True,21,False,False,55,26,0,True,81,7,25,25,4,21,21,0,False,False,False,True,False,False,False,False,False,False,False,False,False,False,False,False,False,False,False,False,False,False,False,False,False,False,True,True,21,False,False,55,26,0,True,81,7,True,False,257,False,,,
2703_1,SKBR3 Breast Cell Line Long-term ErbB Network,min_growth,complete,25,25,4,21,21,0,False,False,False,True,False,False,False,False,False,False,False,False,False,False,False,False,False,False,False,False,False,False,False,False,False,False,True,True,21,False,False,55,26,0,True,81,7,25,25,4,21,21,0,False,False,False,True,False,False,False,False,False,False,False,False,False,False,False,False,False,False,False,False,False,False,False,False,False,False,True,True,21,False,False,55,26,0,True,81,7,True,False,257,False,,,
2703_1,SKBR3 Breast Cell Line Long-term ErbB Network,random,complete,25,25,4,21,21,0,False,False,False,True,False,False,False,False,False,False,False,False,False,False,False,False,False,False,False,False,False,False,False,False,False,False,True,True,21,False,False,55,26,0,True,81,7,25,25,4,21,21,0,False,False,False,True,False,False,False,False,False,False,False,False,False,False,False,False,False,False,False,False,False,False,False,False,False,False,True,True,21,False,False,55,26,0,True,81,7,True,False,257,False,,,
3481_1,Influenza A Virus Replication Cycle,first,complete,131,131,11,120,120,0,False,False,False,True,False,False,False,False,False,False,False,False,False,False,False,False,False,False,False,False,False,False,False,False,False,False,False,False,0,False,False,267,27,0,True,294,11,31,31,11,20,20,0,False,False,False,False,False,False,False,False,False,False,False,False,False,False,False,False,False,False,False,False,False,False,False,False,False,False,True,True,20,False,False,149,135,42,True,326,20,True,False,257,False,,,
3481_1,Influenza A Virus Replication Cycle,min_degree,complete,131,131,11,120,120,0,False,False,False,True,False,False,False,False,False,False,False,False,False,False,False,False,False,False,False,False,False,False,False,False,False,False,False,False,0,False,False,267,27,0,True,294,11,31,31,11,20,20,0,False,False,False,False,False,False,False,False,False,False,False,False,False,False,False,False,False,False,False,False,False,False,False,False,False,False,True,True,20,False,False,134,46,6,True,186,15,True,False,257,False,,,
3481_1,Influenza A Virus Replication Cycle,min_growth,complete,131,131,11,120,120,0,False,False,False,True,False,False,False,False,False,False,False,False,False,False,False,False,False,False,False,False,False,False,False,False,False,False,False,False,0,False,False,267,27,0,True,294,11,30,30,11,19,19,0,False,False,False,False,False,False,False,False,False,False,False,False,False,False,False,False,False,False,False,False,False,False,False,False,False,False,True,True,19,False,False,125,53,8,True,186,16,True,False,257,False,,,
3481_1,Influenza A Virus Replication Cycle,random,complete,131,131,11,120,120,0,False,False,False,True,False,False,False,False,False,False,False,False,False,False,False,False,False,False,False,False,False,False,False,False,False,False,False,False,0,False,False,267,27,0,True,294,11,30,30,11,19,19,0,False,False,False,True,False,False,False,False,False,False,False,False,False,False,False,False,False,False,False,False,False,False,False,False,False,False,True,True,19,False,False,139,87,0,True,226,15,True,False,257,False,,,
3491_1,TOL Regulatory Network,first,complete,24,24,10,14,14,0,False,False,False,True,False,False,False,False,False,False,False,False,False,False,False,False,False,False,False,False,False,False,False,False,False,False,False,False,0,False,True,34,14,0,True,48,10,10,10,10,0,0,0,True,True,False,True,False,False,False,False,False,False,False,False,False,False,False,False,False,False,False,False,False,False,False,False,False,True,True,True,0,False,True,0,0,0,False,0,0,True,False,257,True,,,
3491_1,TOL Regulatory Network,min_degree,complete,24,24,10,14,14,0,False,False,False,True,False,False,False,False,False,False,False,False,False,False,False,False,False,False,False,False,False,False,False,False,False,False,False,False,0,False,True,34,14,0,True,48,10,10,10,10,0,0,0,True,True,False,True,False,False,False,False,False,False,False,False,False,False,False,False,False,False,False,False,False,False,False,False,False,True,True,True,0,False,True,0,0,0,False,0,0,True,False,257,True,,,
3491_1,TOL Regulatory Network,min_growth,complete,24,24,10,14,14,0,False,False,False,True,False,False,False,False,False,False,False,False,False,False,False,False,False,False,False,False,False,False,False,False,False,False,False,False,0,False,True,34,14,0,True,48,10,10,10,10,0,0,0,True,True,False,True,False,False,False,False,False,False,False,False,False,False,False,False,False,False,False,False,False,False,False,False,False,True,True,True,0,False,True,0,0,0,False,0,0,True,False,257,True,,,
3491_1,TOL Regulatory Network,random,complete,24,24,10,14,14,0,False,False,False,True,False,False,False,False,False,False,False,False,False,False,False,False,False,False,False,False,False,False,False,False,False,False,False,False,0,False,True,34,14,0,True,48,10,10,10,10,0,0,0,True,True,False,True,False,False,False,False,False,False,False,False,False,False,False,False,False,False,False,False,False,False,False,False,False,True,True,True,0,False,True,0,0,0,False,0,0,True,False,257,True,,,
3492_1,Bordetella bronchiseptica,first,complete,33,33,0,33,33,0,False,False,False,True,False,False,False,False,False,False,False,False,False,False,False,False,False,False,False,False,False,False,False,False,False,False,False,False,4,False,False,67,12,0,True,79,6,7,7,0,7,7,0,False,False,False,True,False,False,False,False,False,False,False,False,False,False,False,False,False,False,False,False,False,False,False,False,False,False,True,True,7,False,False,18,8,0,True,26,6,True,True,3,False,,,
3492_1,Bordetella bronchiseptica,min_degree,complete,33,33,0,33,33,0,False,False,False,True,False,False,False,False,False,False,False,False,False,False,False,False,False,False,False,False,False,False,False,False,False,False,False,False,4,False,False,67,12,0,True,79,6,7,7,0,7,7,0,False,False,False,True,False,False,False,False,False,False,False,False,False,False,False,False,False,False,False,False,False,False,False,False,False,False,True,True,7,False,False,18,8,0,True,26,6,True,True,3,False,,,
3492_1,Bordetella bronchiseptica,min_growth,complete,33,33,0,33,33,0,False,False,False,True,False,False,False,False,False,False,False,False,False,False,False,False,False,False,False,False,False,False,False,False,False,False,False,False,4,False,False,67,12,0,True,79,6,7,7,0,7,7,0,False,False,False,True,False,False,False,False,False,False,False,False,False,False,False,False,False,False,False,False,False,False,False,False,False,False,True,True,7,False,False,13,10,0,True,23,6,True,True,3,False,,,
3492_1,Bordetella bronchiseptica,random,complete,33,33,0,33,33,0,False,False,False,True,False,False,False,False,False,False,False,False,False,False,False,False,False,False,False,False,False,False,False,False,False,False,False,False,4,False,False,67,12,0,True,79,6,7,7,0,7,7,0,False,False,False,True,False,False,False,False,False,False,False,False,False,False,False,False,False,False,False,False,False,False,False,False,False,False,True,True,7,False,False,18,8,0,True,26,6,True,True,3,False,,,
3493_1,Trichostrongylus retortaeformis,first,complete,26,26,1,25,25,0,False,False,False,True,False,False,False,False,False,False,False,False,False,False,False,False,False,False,False,False,False,False,False,False,False,False,False,False,2,False,False,48,10,0,True,58,5,7,7,1,6,6,0,False,False,False,False,False,False,False,False,False,False,False,False,False,False,False,False,False,False,False,False,False,False,False,False,False,False,True,True,6,False,False,25,4,3,True,32,7,True,True,6,False,,,
3493_1,Trichostrongylus retortaeformis,min_degree,complete,26,26,1,25,25,0,False,False,False,True,False,False,False,False,False,False,False,False,False,False,False,False,False,False,False,False,False,False,False,False,False,False,False,False,2,False,False,48,10,0,True,58,5,6,6,1,5,5,0,False,False,False,False,False,False,False,False,False,False,False,False,False,False,False,False,False,False,False,False,False,False,False,False,False,False,True,True,5,False,False,12,5,1,True,18,5,True,True,6,False,,,
3493_1,Trichostrongylus retortaeformis,min_growth,complete,26,26,1,25,25,0,False,False,False,True,False,False,False,False,False,False,False,False,False,False,False,False,False,False,False,False,False,False,False,False,False,False,False,False,2,False,False,48,10,0,True,58,5,6,6,1,5,5,0,False,False,False,False,False,False,False,False,False,False,False,False,False,False,False,False,False,False,False,False,False,False,False,False,False,False,True,True,5,False,False,12,5,1,True,18,5,True,True,6,False,,,
3493_1,Trichostrongylus retortaeformis,random,complete,26,26,1,25,25,0,False,False,False,True,False,False,False,False,False,False,False,False,False,False,False,False,False,False,False,False,False,False,False,False,False,False,False,False,2,False,False,48,10,0,True,58,5,6,6,1,5,5,0,False,False,False,False,False,False,False,False,False,False,False,False,False,False,False,False,False,False,False,False,False,False,False,False,False,False,True,True,5,False,False,12,9,2,True,23,6,True,True,6,False,,,
3506_1,HH Pathway of Drosophila Signaling Pathways,first,complete,24,24,13,11,11,0,False,False,False,True,False,False,False,False,False,False,False,False,False,False,False,False,False,False,False,False,False,False,False,False,False,False,False,False,0,False,True,19,13,0,True,32,8,13,13,13,0,0,0,True,True,False,True,False,False,False,False,False,False,False,False,False,False,False,False,False,False,False,False,False,False,False,False,False,True,True,True,0,False,True,0,0,0,False,0,0,True,False,257,True,,,
3506_1,HH Pathway of Drosophila Signaling Pathways,min_degree,complete,24,24,13,11,11,0,False,False,False,True,False,False,False,False,False,False,False,False,False,False,False,False,False,False,False,False,False,False,False,False,False,False,False,False,0,False,True,19,13,0,True,32,8,13,13,13,0,0,0,True,True,False,True,False,False,False,False,False,False,False,False,False,False,False,False,False,False,False,False,False,False,False,False,False,True,True,True,0,False,True,0,0,0,False,0,0,True,False,257,True,,,
3506_1,HH Pathway of Drosophila Signaling Pathways,min_growth,complete,24,24,13,11,11,0,False,False,False,True,False,False,False,False,False,False,False,False,False,False,False,False,False,False,False,False,False,False,False,False,False,False,False,False,0,False,True,19,13,0,True,32,8,13,13,13,0,0,0,True,True,False,True,False,False,False,False,False,False,False,False,False,False,False,False,False,False,False,False,False,False,False,False,False,True,True,True,0,False,True,0,0,0,False,0,0,True,False,257,True,,,
3506_1,HH Pathway of Drosophila Signaling Pathways,random,complete,24,24,13,11,11,0,False,False,False,True,False,False,False,False,False,False,False,False,False,False,False,False,False,False,False,False,False,False,False,False,False,False,False,False,0,False,True,19,13,0,True,32,8,13,13,13,0,0,0,True,True,False,True,False,False,False,False,False,False,False,False,False,False,False,False,False,False,False,False,False,False,False,False,False,True,True,True,0,False,True,0,0,0,False,0,0,True,False,257,True,,,
3510_1,FGF pathway of Drosophila Signalling Pathways,first,complete,23,23,9,14,14,0,False,False,False,True,False,False,True,False,False,False,False,True,False,False,False,False,False,False,False,False,False,False,False,False,False,False,False,False,0,False,True,20,2,0,True,22,4,9,9,9,0,0,0,True,True,False,True,False,False,False,False,False,False,False,False,False,False,False,False,False,False,False,False,False,False,False,False,False,True,True,True,0,False,True,0,0,0,False,0,0,True,False,257,True,,,
3510_1,FGF pathway of Drosophila Signalling Pathways,min_degree,complete,23,23,9,14,14,0,False,False,False,True,False,False,True,False,False,False,False,True,False,False,False,False,False,False,False,False,False,False,False,False,False,False,False,False,0,False,True,20,2,0,True,22,4,9,9,9,0,0,0,True,True,False,True,False,False,False,False,False,False,False,False,False,False,False,False,False,False,False,False,False,False,False,False,False,True,True,True,0,False,True,0,0,0,False,0,0,True,False,257,True,,,
3510_1,FGF pathway of Drosophila Signalling Pathways,min_growth,complete,23,23,9,14,14,0,False,False,False,True,False,False,True,False,False,False,False,True,False,False,False,False,False,False,False,False,False,False,False,False,False,False,False,False,0,False,True,20,2,0,True,22,4,9,9,9,0,0,0,True,True,False,True,False,False,False,False,False,False,False,False,False,False,False,False,False,False,False,False,False,False,False,False,False,True,True,True,0,False,True,0,0,0,False,0,0,True,False,257,True,,,
3510_1,FGF pathway of Drosophila Signalling Pathways,random,complete,23,23,9,14,14,0,False,False,False,True,False,False,True,False,False,False,False,True,False,False,False,False,False,False,False,False,False,False,False,False,False,False,False,False,0,False,True,20,2,0,True,22,4,9,9,9,0,0,0,True,True,False,True,False,False,False,False,False,False,False,False,False,False,False,False,False,False,False,False,False,False,False,False,False,True,True,True,0,False,True,0,0,0,False,0,0,True,False,257,True,,,
3521_1,CD4 T cell signaling,first,complete,188,188,34,154,154,0,False,False,False,False,False,False,False,False,False,False,False,False,False,False,False,False,False,False,False,False,False,False,False,False,False,False,False,False,4,False,False,314,31,1,True,346,10,41,41,34,7,7,0,False,False,False,False,False,False,False,False,False,False,False,False,False,False,False,False,False,False,False,False,False,False,False,False,False,False,True,True,7,False,False,49,20,3,True,72,18,True,False,257,False,,,
3521_1,CD4 T cell signaling,min_degree,complete,188,188,34,154,154,0,False,False,False,False,False,False,False,False,False,False,False,False,False,False,False,False,False,False,False,False,False,False,False,False,False,False,False,False,4,False,False,314,31,1,True,346,10,41,41,34,7,7,0,False,False,False,False,False,False,False,False,False,False,False,False,False,False,False,False,False,False,False,False,False,False,False,False,False,False,True,True,7,False,False,49,20,3,True,72,18,True,False,257,False,,,
3521_1,CD4 T cell signaling,min_growth,complete,188,188,34,154,154,0,False,False,False,False,False,False,False,False,False,False,False,False,False,False,False,False,False,False,False,False,False,False,False,False,False,False,False,False,4,False,False,314,31,1,True,346,10,41,41,34,7,7,0,False,False,False,False,False,False,False,False,False,False,False,False,False,False,False,False,False,False,False,False,False,False,False,False,False,False,True,True,7,False,False,49,20,3,True,72,18,True,False,257,False,,,
3521_1,CD4 T cell signaling,random,complete,188,188,34,154,154,0,False,False,False,False,False,False,False,False,False,False,False,False,False,False,False,False,False,False,False,False,False,False,False,False,False,False,False,False,4,False,False,314,31,1,True,346,10,41,41,34,7,7,0,False,False,False,False,False,False,False,False,False,False,False,False,False,False,False,False,False,False,False,False,False,False,False,False,False,False,True,True,7,False,False,49,20,3,True,72,18,True,False,257,False,,,
