id,name,policy,status,before_nodes,before_n_nodes,before_inputs,before_internal_nodes,before_nonconstant_rules,before_constant_rules,before_vacuous,before_out_uniform,before_out_uniform_nonvacuous,before_locally_unate,before_MIN,before_MAX,before_MIN_MAX,before_is_conjunctive,before_is_disjunctive,before_is_AND_NOT,before_is_OR_NOT,before_is_AND_OR_NOT,before_is_AND_OR,before_is_AND_OR_NAND_NOR,before_AND_OR_NOT_out_uniform,before_AND_OR_NAND_NOR,before_AND_OR_NAND_NOR_out_uniform,before_homogeneous_MIN,before_homogeneous_MAX,before_signed_operator_homogeneous_AND,before_signed_operator_homogeneous_OR,before_homogeneous_gate,before_positive_AND,before_positive_OR,before_affine,before_reciprocal_support,before_all_internal_self_regulated,before_all_self_loop,before_self_loop_count,before_is_monotone,before_switchable_to_monotone,before_positive_edges,before_negative_edges,before_non_unate_edges,before_has_multi_input_rule,before_edges,before_max_indegree,after_nodes,after_n_nodes,after_inputs,after_internal_nodes,after_nonconstant_rules,after_constant_rules,after_vacuous,after_out_uniform,after_out_uniform_nonvacuous,after_locally_unate,after_MIN,after_MAX,after_MIN_MAX,after_is_conjunctive,after_is_disjunctive,after_is_AND_NOT,after_is_OR_NOT,after_is_AND_OR_NOT,after_is_AND_OR,after_is_AND_OR_NAND_NOR,after_AND_OR_NOT_out_uniform,after_AND_OR_NAND_NOR,after_AND_OR_NAND_NOR_out_uniform,after_homogeneous_MIN,after_homogeneous_MAX,after_signed_operator_homogeneous_AND,after_signed_operator_homogeneous_OR,after_homogeneous_gate,after_positive_AND,after_positive_OR,after_affine,after_reciprocal_support,after_all_internal_self_regulated,after_all_self_loop,after_self_loop_count,after_is_monotone,after_switchable_to_monotone,after_positive_edges,after_negative_edges,after_non_unate_edges,after_has_multi_input_rule,after_edges,after_max_indegree,bijection_verified,fixed_points_exact,fixed_points_count_or_lower_bound,all_rules_out_uniform,after_signed_operator_homogeneous,before_signed_operator_homogeneous
001,SIGNALING-IN-MACROPHAGE-ACTIVATION,first,complete,321,321,19,302,302,0,False,False,False,True,False,False,False,False,False,False,False,False,False,False,False,False,False,False,False,False,False,False,False,False,False,False,False,False,0,False,False,513,4,0,True,517,10,21,21,19,2,2,0,False,True,True,True,False,False,False,False,False,False,False,False,False,False,False,False,False,False,False,False,False,False,False,False,False,False,True,True,2,False,False,8,2,0,True,10,6,True,False,257,False,,
001,SIGNALING-IN-MACROPHAGE-ACTIVATION,min_degree,complete,321,321,19,302,302,0,False,False,False,True,False,False,False,False,False,False,False,False,False,False,False,False,False,False,False,False,False,False,False,False,False,False,False,False,0,False,False,513,4,0,True,517,10,21,21,19,2,2,0,False,True,True,True,False,False,False,False,False,False,False,False,False,False,False,False,False,False,False,False,False,False,False,False,False,False,True,True,2,False,False,8,2,0,True,10,6,True,False,257,False,,
001,SIGNALING-IN-MACROPHAGE-ACTIVATION,min_growth,complete,321,321,19,302,302,0,False,False,False,True,False,False,False,False,False,False,False,False,False,False,False,False,False,False,False,False,False,False,False,False,False,False,False,False,0,False,False,513,4,0,True,517,10,21,21,19,2,2,0,False,True,True,True,False,False,False,False,False,False,False,False,False,False,False,False,False,False,False,False,False,False,False,False,False,False,True,True,2,False,False,8,2,0,True,10,6,True,False,257,False,,
001,SIGNALING-IN-MACROPHAGE-ACTIVATION,random,complete,321,321,19,302,302,0,False,False,False,True,False,False,False,False,False,False,False,False,False,False,False,False,False,False,False,False,False,False,False,False,False,False,False,False,0,False,False,513,4,0,True,517,10,21,21,19,2,2,0,False,True,True,True,False,False,False,False,False,False,False,False,False,False,False,False,False,False,False,False,False,False,False,False,False,False,True,True,2,False,False,9,1,0,True,10,6,True,False,257,True,,
002,SIGNAL-TRANSDUCTION-IN-FIBROBLASTS,first,complete,139,139,9,130,130,0,False,False,False,False,False,False,False,False,False,False,False,False,False,False,False,False,False,False,False,False,False,False,False,False,False,False,False,False,50,False,False,381,116,45,True,542,13,63,63,9,54,54,0,False,False,False,False,False,False,False,False,False,False,False,False,False,False,False,False,False,False,False,False,False,False,False,False,False,False,True,True,54,False,False,362,148,79,True,589,31,True,False,257,False,,
002,SIGNAL-TRANSDUCTION-IN-FIBROBLASTS,min_degree,complete,139,139,9,130,130,0,False,False,False,False,False,False,False,False,False,False,False,False,False,False,False,False,False,False,False,False,False,False,False,False,False,False,False,False,50,False,False,381,116,45,True,542,13,60,60,9,51,51,0,False,False,False,False,False,False,False,False,False,False,False,False,False,False,False,False,False,False,False,False,False,False,False,False,False,False,True,True,51,False,False,329,138,82,True,549,28,True,False,257,False,,
002,SIGNAL-TRANSDUCTION-IN-FIBROBLASTS,min_growth,complete,139,139,9,130,130,0,False,False,False,False,False,False,False,False,False,False,False,False,False,False,False,False,False,False,False,False,False,False,False,False,False,False,False,False,50,False,False,381,116,45,True,542,13,60,60,9,51,51,0,False,False,False,False,False,False,False,False,False,False,False,False,False,False,False,False,False,False,False,False,False,False,False,False,False,False,True,True,51,False,False,329,138,82,True,549,28,True,False,257,False,,
002,SIGNAL-TRANSDUCTION-IN-FIBROBLASTS,random,complete,139,139,9,130,130,0,False,False,False,False,False,False,False,False,False,False,False,False,False,False,False,False,False,False,False,False,False,False,False,False,False,False,False,False,50,False,False,381,116,45,True,542,13,60,60,9,51,51,0,False,False,False,False,False,False,False,False,False,False,False,False,False,False,False,False,False,False,False,False,False,False,False,False,False,False,True,True,51,False,False,332,152,90,True,574,28,True,False,257,False,,
003,MAMMALIAN-CELL-CYCLE,first,complete,20,20,1,19,19,0,False,False,False,True,False,False,False,False,False,False,False,False,False,False,False,False,False,False,False,False,False,False,False,False,False,False,False,False,0,False,False,38,12,0,True,50,5,2,2,1,1,1,0,False,True,True,True,True,False,True,False,False,True,False,True,False,False,True,False,False,True,False,True,False,False,False,False,False,False,True,True,1,False,True,1,1,0,True,2,2,True,True,3,False,AND,
003,MAMMALIAN-CELL-CYCLE,min_degree,complete,20,20,1,19,19,0,False,False,False,True,False,False,False,False,False,False,False,False,False,False,False,False,False,False,False,False,False,False,False,False,False,False,False,False,0,False,False,38,12,0,True,50,5,3,3,1,2,2,0,False,True,True,True,False,True,True,False,True,False,True,True,True,True,True,True,True,False,True,False,True,True,False,True,False,False,True,True,2,True,True,6,0,0,True,6,3,True,True,3,True,OR,
003,MAMMALIAN-CELL-CYCLE,min_growth,complete,20,20,1,19,19,0,False,False,False,True,False,False,False,False,False,False,False,False,False,False,False,False,False,False,False,False,False,False,False,False,False,False,False,False,0,False,False,38,12,0,True,50,5,2,2,1,1,1,0,False,True,True,True,True,False,True,False,False,True,False,True,False,False,True,False,False,True,False,True,False,False,False,False,False,False,True,True,1,False,True,1,1,0,True,2,2,True,True,3,False,AND,
003,MAMMALIAN-CELL-CYCLE,random,complete,20,20,1,19,19,0,False,False,False,True,False,False,False,False,False,False,False,False,False,False,False,False,False,False,False,False,False,False,False,False,False,False,False,False,0,False,False,38,12,0,True,50,5,2,2,1,1,1,0,False,True,True,True,True,False,True,False,False,True,False,True,False,False,True,False,False,True,False,True,False,False,False,False,False,False,True,True,1,False,True,1,1,0,True,2,2,True,True,3,False,AND,
004,ERBB-RECEPTOR-SIGNALING,first,complete,247,247,22,225,225,0,False,False,False,False,False,False,False,False,False,False,False,False,False,False,False,False,False,False,False,False,False,False,False,False,False,False,False,False,70,False,False,825,215,48,True,1088,27,99,99,22,77,77,0,False,False,False,False,False,False,False,False,False,False,False,False,False,False,False,False,False,False,False,False,False,False,False,False,False,False,True,True,77,False,False,601,366,272,True,1239,48,True,False,257,False,,
004,ERBB-RECEPTOR-SIGNALING,min_degree,complete,247,247,22,225,225,0,False,False,False,False,False,False,False,False,False,False,False,False,False,False,False,False,False,False,False,False,False,False,False,False,False,False,False,False,70,False,False,825,215,48,True,1088,27,96,96,22,74,74,0,False,False,False,False,False,False,False,False,False,False,False,False,False,False,False,False,False,False,False,False,False,False,False,False,False,False,True,True,74,False,False,590,306,231,True,1127,42,True,False,257,False,,
004,ERBB-RECEPTOR-SIGNALING,min_growth,complete,247,247,22,225,225,0,False,False,False,False,False,False,False,False,False,False,False,False,False,False,False,False,False,False,False,False,False,False,False,False,False,False,False,False,70,False,False,825,215,48,True,1088,27,96,96,22,74,74,0,False,False,False,False,False,False,False,False,False,False,False,False,False,False,False,False,False,False,False,False,False,False,False,False,False,False,True,True,74,False,False,542,314,192,True,1048,43,True,False,257,False,,
004,ERBB-RECEPTOR-SIGNALING,random,complete,247,247,22,225,225,0,False,False,False,False,False,False,False,False,False,False,False,False,False,False,False,False,False,False,False,False,False,False,False,False,False,False,False,False,70,False,False,825,215,48,True,1088,27,99,99,22,77,77,0,False,False,False,False,False,False,False,False,False,False,False,False,False,False,False,False,False,False,False,False,False,False,False,False,False,False,True,True,77,False,False,680,303,254,True,1237,45,True,False,257,False,,
005,FA-BRCA-PATHWAY,first,complete,28,28,0,28,28,0,False,False,False,True,False,False,False,False,False,False,False,False,False,False,False,False,False,False,False,False,False,False,False,False,False,False,False,False,4,False,False,79,43,0,True,122,9,7,7,0,7,7,0,False,False,False,False,False,False,False,False,False,False,False,False,False,False,False,False,False,False,False,False,False,False,False,False,False,False,True,True,7,False,False,15,11,5,True,31,6,True,True,0,False,,
005,FA-BRCA-PATHWAY,min_degree,complete,28,28,0,28,28,0,False,False,False,True,False,False,False,False,False,False,False,False,False,False,False,False,False,False,False,False,False,False,False,False,False,False,False,False,4,False,False,79,43,0,True,122,9,7,7,0,7,7,0,False,False,False,False,False,False,False,False,False,False,False,False,False,False,False,False,False,False,False,False,False,False,False,False,False,False,True,True,7,False,False,15,11,5,True,31,6,True,True,0,False,,
005,FA-BRCA-PATHWAY,min_growth,complete,28,28,0,28,28,0,False,False,False,True,False,False,False,False,False,False,False,False,False,False,False,False,False,False,False,False,False,False,False,False,False,False,False,False,4,False,False,79,43,0,True,122,9,7,7,0,7,7,0,False,False,False,False,False,False,False,False,False,False,False,False,False,False,False,False,False,False,False,False,False,False,False,False,False,False,True,True,7,False,False,15,11,5,True,31,6,True,True,0,False,,
005,FA-BRCA-PATHWAY,random,complete,28,28,0,28,28,0,False,False,False,True,False,False,False,False,False,False,False,False,False,False,False,False,False,False,False,False,False,False,False,False,False,False,False,False,4,False,False,79,43,0,True,122,9,7,7,0,7,7,0,False,False,False,False,False,False,False,False,False,False,False,False,False,False,False,False,False,False,False,False,False,False,False,False,False,False,True,True,7,False,False,16,13,3,True,32,6,True,True,0,False,,
006,HGF-SIGNALING-IN-KERATINOCYTES,first,complete,68,68,6,62,62,0,False,True,True,True,False,False,False,False,False,False,False,False,False,False,False,False,False,False,False,False,False,False,False,False,False,False,False,False,0,False,False,97,6,0,True,103,4,8,8,6,2,2,0,False,True,True,True,False,False,False,False,False,False,False,False,False,False,False,False,False,False,False,False,False,False,False,False,False,False,True,True,2,False,True,8,2,0,True,10,5,True,True,72,False,,
006,HGF-SIGNALING-IN-KERATINOCYTES,min_degree,complete,68,68,6,62,62,0,False,True,True,True,False,False,False,False,False,False,False,False,False,False,False,False,False,False,False,False,False,False,False,False,False,False,False,False,0,False,False,97,6,0,True,103,4,7,7,6,1,1,0,False,True,True,True,False,False,False,False,False,False,False,False,False,False,False,False,False,False,False,False,False,False,False,False,False,False,True,True,1,False,True,3,1,0,True,4,4,True,True,72,False,,
006,HGF-SIGNALING-IN-KERATINOCYTES,min_growth,complete,68,68,6,62,62,0,False,True,True,True,False,False,False,False,False,False,False,False,False,False,False,False,False,False,False,False,False,False,False,False,False,False,False,False,0,False,False,97,6,0,True,103,4,7,7,6,1,1,0,False,True,True,True,False,False,False,False,False,False,False,False,False,False,False,False,False,False,False,False,False,False,False,False,False,False,True,True,1,False,True,3,1,0,True,4,4,True,True,72,False,,
006,HGF-SIGNALING-IN-KERATINOCYTES,random,complete,68,68,6,62,62,0,False,True,True,True,False,False,False,False,False,False,False,False,False,False,False,False,False,False,False,False,False,False,False,False,False,False,False,False,0,False,False,97,6,0,True,103,4,8,8,6,2,2,0,False,True,True,True,False,False,False,False,False,False,False,False,False,False,False,False,False,False,False,False,False,False,False,False,False,False,True,True,2,False,True,8,2,0,True,10,5,True,True,72,False,,
007,CORTICAL-AREA-DEVELOPMENT,first,complete,5,5,0,5,5,0,False,False,False,True,True,False,True,False,False,True,False,True,False,False,False,False,False,False,False,False,False,False,False,False,False,False,False,False,1,False,True,5,9,0,True,14,4,1,1,0,1,1,0,False,True,True,True,True,True,True,True,True,True,True,True,True,True,True,True,True,True,True,True,True,True,True,True,True,True,True,True,1,True,True,1,0,0,False,1,1,True,True,2,True,AND,
007,CORTICAL-AREA-DEVELOPMENT,min_degree,complete,5,5,0,5,5,0,False,False,False,True,True,False,True,False,False,True,False,True,False,False,False,False,False,False,False,False,False,False,False,False,False,False,False,False,1,False,True,5,9,0,True,14,4,1,1,0,1,1,0,False,True,True,True,True,True,True,True,True,True,True,True,True,True,True,True,True,True,True,True,True,True,True,True,True,True,True,True,1,True,True,1,0,0,False,1,1,True,True,2,True,AND,
007,CORTICAL-AREA-DEVELOPMENT,min_growth,complete,5,5,0,5,5,0,False,False,False,True,True,False,True,False,False,True,False,True,False,False,False,False,False,False,False,False,False,False,False,False,False,False,False,False,1,False,True,5,9,0,True,14,4,1,1,0,1,1,0,False,True,True,True,True,True,True,True,True,True,True,True,True,True,True,True,True,True,True,True,True,True,True,True,True,True,True,True,1,True,True,1,0,0,False,1,1,True,True,2,True,AND,
007,CORTICAL-AREA-DEVELOPMENT,random,complete,5,5,0,5,5,0,False,False,False,True,True,False,True,False,False,True,False,True,False,False,False,False,False,False,False,False,False,False,False,False,False,False,False,False,1,False,True,5,9,0,True,14,4,1,1,0,1,1,0,False,True,True,True,True,True,True,True,True,True,True,True,True,True,True,True,True,True,True,True,True,True,True,True,True,True,True,True,1,True,True,1,0,0,False,1,1,True,True,2,True,AND,
008,DEATH-RECEPTOR-SIGNALING,first,complete,28,28,3,25,25,0,False,False,False,True,False,False,False,False,False,False,False,False,False,False,False,False,False,False,False,False,False,False,False,False,False,False,False,False,1,False,False,33,12,0,True,45,4,8,8,3,5,5,0,False,False,False,False,False,False,False,False,False,False,False,False,False,False,False,False,False,False,False,False,False,False,False,False,False,False,True,True,5,False,False,18,8,11,True,37,8,True,True,27,False,,
008,DEATH-RECEPTOR-SIGNALING,min_degree,complete,28,28,3,25,25,0,False,False,False,True,False,False,False,False,False,False,False,False,False,False,False,False,False,False,False,False,False,False,False,False,False,False,False,False,1,False,False,33,12,0,True,45,4,6,6,3,3,3,0,False,False,False,False,False,False,False,False,False,False,False,False,False,False,False,False,False,False,False,False,False,False,False,False,False,False,True,True,3,False,False,6,5,4,True,15,6,True,True,27,False,,
008,DEATH-RECEPTOR-SIGNALING,min_growth,complete,28,28,3,25,25,0,False,False,False,True,False,False,False,False,False,False,False,False,False,False,False,False,False,False,False,False,False,False,False,False,False,False,False,False,1,False,False,33,12,0,True,45,4,6,6,3,3,3,0,False,False,False,False,False,False,False,False,False,False,False,False,False,False,False,False,False,False,False,False,False,False,False,False,False,False,True,True,3,False,False,9,5,4,True,18,6,True,True,27,False,,
008,DEATH-RECEPTOR-SIGNALING,random,complete,28,28,3,25,25,0,False,False,False,True,False,False,False,False,False,False,False,False,False,False,False,False,False,False,False,False,False,False,False,False,False,False,False,False,1,False,False,33,12,0,True,45,4,8,8,3,5,5,0,False,False,False,False,False,False,False,False,False,False,False,False,False,False,False,False,False,False,False,False,False,False,False,False,False,False,True,True,5,False,False,16,12,3,True,31,8,True,True,27,False,,
009,YEAST-APOPTOSIS,first,complete,73,73,13,60,60,0,False,False,False,True,False,False,False,False,False,False,False,False,False,False,False,False,False,False,False,False,False,False,False,False,False,False,False,False,0,False,False,95,19,0,True,114,12,15,15,13,2,2,0,False,True,True,True,False,True,True,False,False,False,True,True,False,False,True,False,False,False,True,False,True,False,False,False,False,False,True,True,2,False,False,7,1,0,True,8,6,True,False,257,True,OR,
009,YEAST-APOPTOSIS,min_degree,complete,73,73,13,60,60,0,False,False,False,True,False,False,False,False,False,False,False,False,False,False,False,False,False,False,False,False,False,False,False,False,False,False,False,False,0,False,False,95,19,0,True,114,12,15,15,13,2,2,0,False,True,True,True,False,True,True,False,False,False,True,True,False,False,True,False,False,False,True,False,True,False,False,False,False,False,True,True,2,False,False,7,1,0,True,8,6,True,False,257,True,OR,
009,YEAST-APOPTOSIS,min_growth,complete,73,73,13,60,60,0,False,False,False,True,False,False,False,False,False,False,False,False,False,False,False,False,False,False,False,False,False,False,False,False,False,False,False,False,0,False,False,95,19,0,True,114,12,15,15,13,2,2,0,False,True,True,True,False,True,True,False,False,False,True,True,False,False,True,False,False,False,True,False,True,False,False,False,False,False,True,True,2,False,False,7,1,0,True,8,6,True,False,257,True,OR,
009,YEAST-APOPTOSIS,random,complete,73,73,13,60,60,0,False,False,False,True,False,False,False,False,False,False,False,False,False,False,False,False,False,False,False,False,False,False,False,False,False,False,False,False,0,False,False,95,19,0,True,114,12,15,15,13,2,2,0,False,True,True,True,False,True,True,False,False,False,True,True,False,False,True,False,False,False,True,False,True,False,False,False,False,False,True,True,2,False,False,7,1,0,True,8,6,True,False,257,True,OR,
010,CARDIAC-DEVELOPMENT,first,complete,15,15,2,13,13,0,False,False,False,True,False,False,False,False,False,False,False,False,False,False,False,False,False,False,False,False,False,False,False,False,False,False,False,False,1,False,False,30,7,0,True,37,7,4,4,2,2,2,0,False,False,False,True,False,False,False,False,False,False,False,False,False,False,False,False,False,False,False,False,False,False,False,False,False,False,True,True,2,False,False,6,1,0,True,7,4,True,True,6,False,,
010,CARDIAC-DEVELOPMENT,min_degree,complete,15,15,2,13,13,0,False,False,False,True,False,False,False,False,False,False,False,False,False,False,False,False,False,False,False,False,False,False,False,False,False,False,False,False,1,False,False,30,7,0,True,37,7,4,4,2,2,2,0,False,False,False,True,False,False,False,False,False,False,False,False,False,False,False,False,False,False,False,False,False,False,False,False,False,False,True,True,2,False,False,6,1,0,True,7,4,True,True,6,False,,
010,CARDIAC-DEVELOPMENT,min_growth,complete,15,15,2,13,13,0,False,False,False,True,False,False,False,False,False,False,False,False,False,False,False,False,False,False,False,False,False,False,False,False,False,False,False,False,1,False,False,30,7,0,True,37,7,4,4,2,2,2,0,False,False,False,True,False,False,False,False,False,False,False,False,False,False,False,False,False,False,False,False,False,False,False,False,False,False,True,True,2,False,False,6,1,0,True,7,4,True,True,6,False,,
010,CARDIAC-DEVELOPMENT,random,complete,15,15,2,13,13,0,False,False,False,True,False,False,False,False,False,False,False,False,False,False,False,False,False,False,False,False,False,False,False,False,False,False,False,False,1,False,False,30,7,0,True,37,7,4,4,2,2,2,0,False,False,False,True,False,False,False,False,False,False,False,False,False,False,False,False,False,False,False,False,False,False,False,False,False,False,True,True,2,False,False,6,1,0,True,7,4,True,True,6,False,,
011,GUARD-CELL-ABSCISIC-ACID-SIGNALING,first,complete,44,44,4,40,40,0,False,False,False,True,False,False,False,False,False,False,False,False,False,False,False,False,False,False,False,False,False,False,False,False,False,False,False,False,0,False,False,53,25,0,True,78,5,7,7,4,3,3,0,False,False,False,True,False,False,False,False,False,False,False,False,False,False,False,False,False,False,False,False,False,False,False,False,False,False,True,True,3,False,False,5,6,0,True,11,5,True,True,16,False,,
011,GUARD-CELL-ABSCISIC-ACID-SIGNALING,min_degree,complete,44,44,4,40,40,0,False,False,False,True,False,False,False,False,False,False,False,False,False,False,False,False,False,False,False,False,False,False,False,False,False,False,False,False,0,False,False,53,25,0,True,78,5,7,7,4,3,3,0,False,False,False,True,False,False,False,False,False,False,False,False,False,False,False,False,False,False,False,False,False,False,False,False,False,False,True,True,3,False,False,6,6,0,True,12,6,True,True,16,False,,
011,GUARD-CELL-ABSCISIC-ACID-SIGNALING,min_growth,complete,44,44,4,40,40,0,False,False,False,True,False,False,False,False,False,False,False,False,False,False,False,False,False,False,False,False,False,False,False,False,False,False,False,False,0,False,False,53,25,0,True,78,5,7,7,4,3,3,0,False,False,False,True,False,False,False,False,False,False,False,False,False,False,False,False,False,False,False,False,False,False,False,False,False,False,True,True,3,False,False,6,6,0,True,12,6,True,True,16,False,,
011,GUARD-CELL-ABSCISIC-ACID-SIGNALING,random,complete,44,44,4,40,40,0,False,False,False,True,False,False,False,False,False,False,False,False,False,False,False,False,False,False,False,False,False,False,False,False,False,False,False,False,0,False,False,53,25,0,True,78,5,7,7,4,3,3,0,False,False,False,True,False,False,False,False,False,False,False,False,False,False,False,False,False,False,False,False,False,False,False,False,False,False,True,True,3,False,False,6,6,0,True,12,6,True,True,16,False,,
012,T-CELL-RECEPTOR-SIGNALING,first,complete,101,101,7,94,94,0,False,False,False,True,False,False,False,False,False,False,False,False,False,False,False,False,False,False,False,False,False,False,False,False,False,False,False,False,0,False,False,128,30,0,True,158,6,10,10,7,3,3,0,False,False,False,True,False,False,False,False,False,False,False,False,False,False,False,False,False,False,False,False,False,False,False,False,False,False,True,True,3,False,False,9,7,0,True,16,7,True,True,104,False,,
012,T-CELL-RECEPTOR-SIGNALING,min_degree,complete,101,101,7,94,94,0,False,False,False,True,False,False,False,False,False,False,False,False,False,False,False,False,False,False,False,False,False,False,False,False,False,False,False,False,0,False,False,128,30,0,True,158,6,9,9,7,2,2,0,False,False,False,True,False,False,False,False,False,False,False,False,False,False,False,False,False,False,False,False,False,False,False,False,False,False,True,True,2,False,False,6,3,0,True,9,5,True,True,104,False,,
012,T-CELL-RECEPTOR-SIGNALING,min_growth,complete,101,101,7,94,94,0,False,False,False,True,False,False,False,False,False,False,False,False,False,False,False,False,False,False,False,False,False,False,False,False,False,False,False,False,0,False,False,128,30,0,True,158,6,9,9,7,2,2,0,False,False,False,True,False,False,False,False,False,False,False,False,False,False,False,False,False,False,False,False,False,False,False,False,False,False,True,True,2,False,False,6,3,0,True,9,5,True,True,104,False,,
012,T-CELL-RECEPTOR-SIGNALING,random,complete,101,101,7,94,94,0,False,False,False,True,False,False,False,False,False,False,False,False,False,False,False,False,False,False,False,False,False,False,False,False,False,False,False,False,0,False,False,128,30,0,True,158,6,10,10,7,3,3,0,False,False,False,True,False,False,False,False,False,False,False,False,False,False,False,False,False,False,False,False,False,False,False,False,False,False,True,True,3,False,False,9,7,0,True,16,7,True,True,104,False,,
013,CHOLESTEROL-REGULATORY-PATHWAY,first,complete,34,34,2,32,32,0,False,True,True,True,False,False,True,False,False,False,False,True,False,False,True,False,False,False,False,False,False,False,False,False,False,False,False,False,0,False,False,37,4,0,True,41,3,2,2,2,0,0,0,True,True,False,True,False,False,False,False,False,False,False,False,False,False,False,False,False,False,False,False,False,False,False,False,False,True,True,True,0,False,True,0,0,0,False,0,0,True,True,4,True,,
013,CHOLESTEROL-REGULATORY-PATHWAY,min_degree,complete,34,34,2,32,32,0,False,True,True,True,False,False,True,False,False,False,False,True,False,False,True,False,False,False,False,False,False,False,False,False,False,False,False,False,0,False,False,37,4,0,True,41,3,2,2,2,0,0,0,True,True,False,True,False,False,False,False,False,False,False,False,False,False,False,False,False,False,False,False,False,False,False,False,False,True,True,True,0,False,True,0,0,0,False,0,0,True,True,4,True,,
013,CHOLESTEROL-REGULATORY-PATHWAY,min_growth,complete,34,34,2,32,32,0,False,True,True,True,False,False,True,False,False,False,False,True,False,False,True,False,False,False,False,False,False,False,False,False,False,False,False,False,0,False,False,37,4,0,True,41,3,2,2,2,0,0,0,True,True,False,True,False,False,False,False,False,False,False,False,False,False,False,False,False,False,False,False,False,False,False,False,False,True,True,True,0,False,True,0,0,0,False,0,0,True,True,4,True,,
013,CHOLESTEROL-REGULATORY-PATHWAY,random,complete,34,34,2,32,32,0,False,True,True,True,False,False,True,False,False,False,False,True,False,False,True,False,False,False,False,False,False,False,False,False,False,False,False,False,0,False,False,37,4,0,True,41,3,2,2,2,0,0,0,True,True,False,True,False,False,False,False,False,False,False,False,False,False,False,False,False,False,False,False,False,False,False,False,False,True,True,True,0,False,True,0,0,0,False,0,0,True,True,4,True,,
014,T-LGL-SURVIVAL-NETWORK-2008,first,complete,61,61,7,54,54,0,False,False,False,True,False,False,False,False,False,False,False,False,False,False,False,False,False,False,False,False,False,False,False,False,False,False,False,False,5,False,False,110,83,0,True,193,7,17,17,7,10,10,0,False,False,False,False,False,False,False,False,False,False,False,False,False,False,False,False,False,False,False,False,False,False,False,False,False,False,True,True,10,False,False,45,32,8,True,85,13,True,True,172,False,,
014,T-LGL-SURVIVAL-NETWORK-2008,min_degree,complete,61,61,7,54,54,0,False,False,False,True,False,False,False,False,False,False,False,False,False,False,False,False,False,False,False,False,False,False,False,False,False,False,False,False,5,False,False,110,83,0,True,193,7,16,16,7,9,9,0,False,False,False,False,False,False,False,False,False,False,False,False,False,False,False,False,False,False,False,False,False,False,False,False,False,False,True,True,9,False,False,31,22,5,True,58,11,True,True,172,False,,
014,T-LGL-SURVIVAL-NETWORK-2008,min_growth,complete,61,61,7,54,54,0,False,False,False,True,False,False,False,False,False,False,False,False,False,False,False,False,False,False,False,False,False,False,False,False,False,False,False,False,5,False,False,110,83,0,True,193,7,16,16,7,9,9,0,False,False,False,False,False,False,False,False,False,False,False,False,False,False,False,False,False,False,False,False,False,False,False,False,False,False,True,True,9,False,False,31,22,5,True,58,11,True,True,172,False,,
014,T-LGL-SURVIVAL-NETWORK-2008,random,complete,61,61,7,54,54,0,False,False,False,True,False,False,False,False,False,False,False,False,False,False,False,False,False,False,False,False,False,False,False,False,False,False,False,False,5,False,False,110,83,0,True,193,7,16,16,7,9,9,0,False,False,False,False,False,False,False,False,False,False,False,False,False,False,False,False,False,False,False,False,False,False,False,False,False,False,True,True,9,False,False,30,26,6,True,62,12,True,True,172,False,,
015,NEUROTRANSMITTER-SIGNALING-PATHWAY,first,complete,16,16,2,14,14,0,False,False,False,True,False,False,True,False,False,False,False,True,False,False,False,False,False,False,False,False,False,False,False,False,False,False,False,False,0,False,False,15,5,0,True,20,3,3,3,2,1,1,0,False,True,True,True,True,False,True,False,False,True,False,True,False,False,True,False,False,True,False,True,False,False,False,False,False,False,True,True,1,False,False,1,1,0,True,2,2,True,True,2,True,AND,
015,NEUROTRANSMITTER-SIGNALING-PATHWAY,min_degree,complete,16,16,2,14,14,0,False,False,False,True,False,False,True,False,False,False,False,True,False,False,False,False,False,False,False,False,False,False,False,False,False,False,False,False,0,False,False,15,5,0,True,20,3,3,3,2,1,1,0,False,True,True,True,True,False,True,False,False,True,False,True,False,False,True,False,False,True,False,True,False,False,False,False,False,False,True,True,1,False,False,1,1,0,True,2,2,True,True,2,True,AND,
015,NEUROTRANSMITTER-SIGNALING-PATHWAY,min_growth,complete,16,16,2,14,14,0,False,False,False,True,False,False,True,False,False,False,False,True,False,False,False,False,False,False,False,False,False,False,False,False,False,False,False,False,0,False,False,15,5,0,True,20,3,3,3,2,1,1,0,False,True,True,True,True,False,True,False,False,True,False,True,False,False,True,False,False,True,False,True,False,False,False,False,False,False,True,True,1,False,False,1,1,0,True,2,2,True,True,2,True,AND,
015,NEUROTRANSMITTER-SIGNALING-PATHWAY,random,complete,16,16,2,14,14,0,False,False,False,True,False,False,True,False,False,False,False,True,False,False,False,False,False,False,False,False,False,False,False,False,False,False,False,False,0,False,False,15,5,0,True,20,3,3,3,2,1,1,0,False,True,True,True,True,False,True,False,False,True,False,True,False,False,True,False,False,True,False,True,False,False,False,False,False,False,True,True,1,False,False,1,1,0,True,2,2,True,True,2,True,AND,
016,IL-1-SIGNALING,first,complete,118,118,14,104,104,0,False,False,False,True,False,False,False,False,False,False,False,False,False,False,False,False,False,False,False,False,False,False,False,False,False,False,False,False,0,False,False,184,34,0,True,218,6,14,14,14,0,0,0,True,True,False,True,False,False,False,False,False,False,False,False,False,False,False,False,False,False,False,False,False,False,False,False,False,True,True,True,0,False,True,0,0,0,False,0,0,True,False,257,True,,
016,IL-1-SIGNALING,min_degree,complete,118,118,14,104,104,0,False,False,False,True,False,False,False,False,False,False,False,False,False,False,False,False,False,False,False,False,False,False,False,False,False,False,False,False,0,False,False,184,34,0,True,218,6,14,14,14,0,0,0,True,True,False,True,False,False,False,False,False,False,False,False,False,False,False,False,False,False,False,False,False,False,False,False,False,True,True,True,0,False,True,0,0,0,False,0,0,True,False,257,True,,
016,IL-1-SIGNALING,min_growth,complete,118,118,14,104,104,0,False,False,False,True,False,False,False,False,False,False,False,False,False,False,False,False,False,False,False,False,False,False,False,False,False,False,False,False,0,False,False,184,34,0,True,218,6,14,14,14,0,0,0,True,True,False,True,False,False,False,False,False,False,False,False,False,False,False,False,False,False,False,False,False,False,False,False,False,True,True,True,0,False,True,0,0,0,False,0,0,True,False,257,True,,
016,IL-1-SIGNALING,random,complete,118,118,14,104,104,0,False,False,False,True,False,False,False,False,False,False,False,False,False,False,False,False,False,False,False,False,False,False,False,False,False,False,False,False,0,False,False,184,34,0,True,218,6,14,14,14,0,0,0,True,True,False,True,False,False,False,False,False,False,False,False,False,False,False,False,False,False,False,False,False,False,False,False,False,True,True,True,0,False,True,0,0,0,False,0,0,True,False,257,True,,
017,DIFFERENTIATION-OF-T-LYMPHOCYTES,first,complete,50,50,9,41,41,0,False,False,False,True,False,False,False,False,False,False,False,False,False,False,False,False,False,False,False,False,False,False,False,False,False,False,False,False,8,False,False,69,28,0,True,97,9,17,17,9,8,8,0,False,False,False,False,False,False,False,False,False,False,False,False,False,False,False,False,False,False,False,False,False,False,False,False,False,False,True,True,8,False,False,30,25,1,True,56,15,True,False,257,False,,
017,DIFFERENTIATION-OF-T-LYMPHOCYTES,min_degree,complete,50,50,9,41,41,0,False,False,False,True,False,False,False,False,False,False,False,False,False,False,False,False,False,False,False,False,False,False,False,False,False,False,False,False,8,False,False,69,28,0,True,97,9,17,17,9,8,8,0,False,False,False,False,False,False,False,False,False,False,False,False,False,False,False,False,False,False,False,False,False,False,False,False,False,False,True,True,8,False,False,30,25,1,True,56,15,True,False,257,False,,
017,DIFFERENTIATION-OF-T-LYMPHOCYTES,min_growth,complete,50,50,9,41,41,0,False,False,False,True,False,False,False,False,False,False,False,False,False,False,False,False,False,False,False,False,False,False,False,False,False,False,False,False,8,False,False,69,28,0,True,97,9,17,17,9,8,8,0,False,False,False,False,False,False,False,False,False,False,False,False,False,False,False,False,False,False,False,False,False,False,False,False,False,False,True,True,8,False,False,30,25,1,True,56,15,True,False,257,False,,
017,DIFFERENTIATION-OF-T-LYMPHOCYTES,random,complete,50,50,9,41,41,0,False,False,False,True,False,False,False,False,False,False,False,False,False,False,False,False,False,False,False,False,False,False,False,False,False,False,False,False,8,False,False,69,28,0,True,97,9,17,17,9,8,8,0,False,False,False,False,False,False,False,False,False,False,False,False,False,False,False,False,False,False,False,False,False,False,False,False,False,False,True,True,8,False,False,30,25,1,True,56,15,True,False,257,False,,
018,EGFR-ERBB-SIGNALING,first,complete,104,104,28,76,76,0,False,False,False,True,False,False,False,False,False,False,False,False,False,False,False,False,False,False,False,False,False,False,False,False,False,False,False,False,0,False,False,199,27,0,True,226,14,31,31,28,3,3,0,False,False,False,False,False,False,False,False,False,False,False,False,False,False,False,False,False,False,False,False,False,False,False,False,False,False,True,True,3,False,False,39,9,7,True,55,29,True,False,257,False,,
018,EGFR-ERBB-SIGNALING,min_degree,complete,104,104,28,76,76,0,False,False,False,True,False,False,False,False,False,False,False,False,False,False,False,False,False,False,False,False,False,False,False,False,False,False,False,False,0,False,False,199,27,0,True,226,14,31,31,28,3,3,0,False,False,False,False,False,False,False,False,False,False,False,False,False,False,False,False,False,False,False,False,False,False,False,False,False,False,True,True,3,False,False,40,10,5,True,55,29,True,False,257,False,,
018,EGFR-ERBB-SIGNALING,min_growth,complete,104,104,28,76,76,0,False,False,False,True,False,False,False,False,False,False,False,False,False,False,False,False,False,False,False,False,False,False,False,False,False,False,False,False,0,False,False,199,27,0,True,226,14,31,31,28,3,3,0,False,False,False,False,False,False,False,False,False,False,False,False,False,False,False,False,False,False,False,False,False,False,False,False,False,False,True,True,3,False,False,40,10,5,True,55,29,True,False,257,False,,
018,EGFR-ERBB-SIGNALING,random,complete,104,104,28,76,76,0,False,False,False,True,False,False,False,False,False,False,False,False,False,False,False,False,False,False,False,False,False,False,False,False,False,False,False,False,0,False,False,199,27,0,True,226,14,32,32,28,4,4,0,False,False,False,False,False,False,False,False,False,False,False,False,False,False,False,False,False,False,False,False,False,False,False,False,False,False,True,True,4,False,False,41,15,20,True,76,30,True,False,257,False,,
019,IL-6-SIGNALING,first,complete,86,86,15,71,71,0,False,False,False,True,False,False,False,False,False,False,False,False,False,False,False,False,False,False,False,False,False,False,False,False,False,False,False,False,0,False,False,102,47,0,True,149,6,18,18,15,3,3,0,False,False,False,False,False,False,False,False,False,False,False,False,False,False,False,False,False,False,False,False,False,False,False,False,False,False,True,True,3,False,False,8,15,1,True,24,9,True,False,257,False,,
019,IL-6-SIGNALING,min_degree,complete,86,86,15,71,71,0,False,False,False,True,False,False,False,False,False,False,False,False,False,False,False,False,False,False,False,False,False,False,False,False,False,False,False,False,0,False,False,102,47,0,True,149,6,18,18,15,3,3,0,False,False,False,False,False,False,False,False,False,False,False,False,False,False,False,False,False,False,False,False,False,False,False,False,False,False,True,True,3,False,False,8,15,1,True,24,9,True,False,257,False,,
019,IL-6-SIGNALING,min_growth,complete,86,86,15,71,71,0,False,False,False,True,False,False,False,False,False,False,False,False,False,False,False,False,False,False,False,False,False,False,False,False,False,False,False,False,0,False,False,102,47,0,True,149,6,18,18,15,3,3,0,False,False,False,False,False,False,False,False,False,False,False,False,False,False,False,False,False,False,False,False,False,False,False,False,False,False,True,True,3,False,False,8,15,1,True,24,9,True,False,257,False,,
019,IL-6-SIGNALING,random,complete,86,86,15,71,71,0,False,False,False,True,False,False,False,False,False,False,False,False,False,False,False,False,False,False,False,False,False,False,False,False,False,False,False,False,0,False,False,102,47,0,True,149,6,19,19,15,4,4,0,False,False,False,True,False,False,False,False,False,False,False,False,False,False,False,False,False,False,False,False,False,False,False,False,False,False,True,True,4,False,False,18,22,0,True,40,11,True,False,257,False,,
020,APOPTOSIS-NETWORK,first,complete,41,41,2,39,39,0,False,False,False,True,False,False,False,False,False,False,False,False,False,False,False,False,False,False,False,False,False,False,False,False,False,False,False,False,0,False,False,52,21,0,True,73,4,7,7,2,5,5,0,False,False,False,True,False,False,False,False,False,False,False,False,False,False,False,False,False,False,False,False,False,False,False,False,False,False,True,True,5,False,False,12,10,0,True,22,6,True,True,0,False,,
020,APOPTOSIS-NETWORK,min_degree,complete,41,41,2,39,39,0,False,False,False,True,False,False,False,False,False,False,False,False,False,False,False,False,False,False,False,False,False,False,False,False,False,False,False,False,0,False,False,52,21,0,True,73,4,7,7,2,5,5,0,False,False,False,True,False,False,False,False,False,False,False,False,False,False,False,False,False,False,False,False,False,False,False,False,False,False,True,True,5,False,False,12,9,0,True,21,6,True,True,0,False,,
020,APOPTOSIS-NETWORK,min_growth,complete,41,41,2,39,39,0,False,False,False,True,False,False,False,False,False,False,False,False,False,False,False,False,False,False,False,False,False,False,False,False,False,False,False,False,0,False,False,52,21,0,True,73,4,7,7,2,5,5,0,False,False,False,True,False,False,False,False,False,False,False,False,False,False,False,False,False,False,False,False,False,False,False,False,False,False,True,True,5,False,False,9,9,0,True,18,5,True,True,0,False,,
020,APOPTOSIS-NETWORK,random,complete,41,41,2,39,39,0,False,False,False,True,False,False,False,False,False,False,False,False,False,False,False,False,False,False,False,False,False,False,False,False,False,False,False,False,0,False,False,52,21,0,True,73,4,7,7,2,5,5,0,False,False,False,False,False,False,False,False,False,False,False,False,False,False,False,False,False,False,False,False,False,False,False,False,False,False,True,True,5,False,False,15,6,1,True,22,6,True,True,0,False,,
021,BODY-SEGMENTATION-IN-DROSOPHILA-2013,first,complete,17,17,3,14,14,0,False,False,False,True,False,False,False,False,False,False,False,False,False,False,False,False,False,False,False,False,False,False,False,False,False,False,False,False,2,False,False,19,10,0,True,29,4,5,5,3,2,2,0,False,False,False,True,False,False,False,False,False,False,False,False,False,False,False,False,False,False,False,False,False,False,False,False,False,False,True,True,2,False,False,5,4,0,True,9,5,True,True,10,False,,
021,BODY-SEGMENTATION-IN-DROSOPHILA-2013,min_degree,complete,17,17,3,14,14,0,False,False,False,True,False,False,False,False,False,False,False,False,False,False,False,False,False,False,False,False,False,False,False,False,False,False,False,False,2,False,False,19,10,0,True,29,4,5,5,3,2,2,0,False,False,False,True,False,False,False,False,False,False,False,False,False,False,False,False,False,False,False,False,False,False,False,False,False,False,True,True,2,False,False,5,4,0,True,9,5,True,True,10,False,,
021,BODY-SEGMENTATION-IN-DROSOPHILA-2013,min_growth,complete,17,17,3,14,14,0,False,False,False,True,False,False,False,False,False,False,False,False,False,False,False,False,False,False,False,False,False,False,False,False,False,False,False,False,2,False,False,19,10,0,True,29,4,5,5,3,2,2,0,False,False,False,True,False,False,False,False,False,False,False,False,False,False,False,False,False,False,False,False,False,False,False,False,False,False,True,True,2,False,False,5,4,0,True,9,5,True,True,10,False,,
021,BODY-SEGMENTATION-IN-DROSOPHILA-2013,random,complete,17,17,3,14,14,0,False,False,False,True,False,False,False,False,False,False,False,False,False,False,False,False,False,False,False,False,False,False,False,False,False,False,False,False,2,False,False,19,10,0,True,29,4,5,5,3,2,2,0,False,False,False,True,False,False,False,False,False,False,False,False,False,False,False,False,False,False,False,False,False,False,False,False,False,False,True,True,2,False,False,5,4,0,True,9,5,True,True,10,False,,
022,B-CELL-DIFFERENTIATION,first,complete,22,22,5,17,17,0,False,False,False,True,False,False,False,False,False,False,False,False,False,False,False,False,False,False,False,False,False,False,False,False,False,False,False,False,3,False,False,26,13,0,True,39,7,8,8,5,3,3,0,False,False,False,True,False,False,False,False,False,False,False,False,False,False,False,False,False,False,False,False,False,False,False,False,False,False,True,True,3,False,True,10,8,0,True,18,7,True,True,58,False,,
022,B-CELL-DIFFERENTIATION,min_degree,complete,22,22,5,17,17,0,False,False,False,True,False,False,False,False,False,False,False,False,False,False,False,False,False,False,False,False,False,False,False,False,False,False,False,False,3,False,False,26,13,0,True,39,7,8,8,5,3,3,0,False,False,False,True,False,False,False,False,False,False,False,False,False,False,False,False,False,False,False,False,False,False,False,False,False,False,True,True,3,False,True,10,8,0,True,18,7,True,True,58,False,,
022,B-CELL-DIFFERENTIATION,min_growth,complete,22,22,5,17,17,0,False,False,False,True,False,False,False,False,False,False,False,False,False,False,False,False,False,False,False,False,False,False,False,False,False,False,False,False,3,False,False,26,13,0,True,39,7,8,8,5,3,3,0,False,False,False,True,False,False,False,False,False,False,False,False,False,False,False,False,False,False,False,False,False,False,False,False,False,False,True,True,3,False,True,10,8,0,True,18,7,True,True,58,False,,
022,B-CELL-DIFFERENTIATION,random,complete,22,22,5,17,17,0,False,False,False,True,False,False,False,False,False,False,False,False,False,False,False,False,False,False,False,False,False,False,False,False,False,False,False,False,3,False,False,26,13,0,True,39,7,8,8,5,3,3,0,False,False,False,True,False,False,False,False,False,False,False,False,False,False,False,False,False,False,False,False,False,False,False,False,False,False,True,True,3,False,True,10,8,0,True,18,7,True,True,58,False,,
023,MAMMALIAN-CELL-CYCLE-2006,first,complete,10,10,1,9,9,0,False,False,False,True,False,False,False,False,False,False,False,False,False,False,False,False,False,False,False,False,False,False,False,False,False,False,False,False,3,False,False,13,21,0,True,34,6,6,6,1,5,5,0,False,False,False,False,False,False,False,False,False,False,False,False,False,False,False,False,False,False,False,False,False,False,False,False,False,False,True,True,5,False,False,8,13,1,True,22,5,True,True,1,False,,
023,MAMMALIAN-CELL-CYCLE-2006,min_degree,complete,10,10,1,9,9,0,False,False,False,True,False,False,False,False,False,False,False,False,False,False,False,False,False,False,False,False,False,False,False,False,False,False,False,False,3,False,False,13,21,0,True,34,6,6,6,1,5,5,0,False,False,False,False,False,False,False,False,False,False,False,False,False,False,False,False,False,False,False,False,False,False,False,False,False,False,True,True,5,False,False,8,13,1,True,22,5,True,True,1,False,,
023,MAMMALIAN-CELL-CYCLE-2006,min_growth,complete,10,10,1,9,9,0,False,False,False,True,False,False,False,False,False,False,False,False,False,False,False,False,False,False,False,False,False,False,False,False,False,False,False,False,3,False,False,13,21,0,True,34,6,6,6,1,5,5,0,False,False,False,False,False,False,False,False,False,False,False,False,False,False,False,False,False,False,False,False,False,False,False,False,False,False,True,True,5,False,False,8,13,1,True,22,5,True,True,1,False,,
023,MAMMALIAN-CELL-CYCLE-2006,random,complete,10,10,1,9,9,0,False,False,False,True,False,False,False,False,False,False,False,False,False,False,False,False,False,False,False,False,False,False,False,False,False,False,False,False,3,False,False,13,21,0,True,34,6,6,6,1,5,5,0,False,False,False,False,False,False,False,False,False,False,False,False,False,False,False,False,False,False,False,False,False,False,False,False,False,False,True,True,5,False,False,9,12,2,True,23,6,True,True,1,False,,
024,BUDDING-YEAST-CELL-CYCLE,first,complete,20,20,4,16,16,0,False,False,False,False,False,False,False,False,False,False,False,False,False,False,False,False,False,False,False,False,False,False,False,False,False,False,False,False,2,False,False,20,21,1,True,42,6,7,7,4,3,3,0,False,False,False,False,False,False,False,False,False,False,False,False,False,False,False,False,False,False,False,False,False,False,False,False,False,False,True,True,3,False,False,6,6,2,True,14,5,True,True,20,False,,
024,BUDDING-YEAST-CELL-CYCLE,min_degree,complete,20,20,4,16,16,0,False,False,False,False,False,False,False,False,False,False,False,False,False,False,False,False,False,False,False,False,False,False,False,False,False,False,False,False,2,False,False,20,21,1,True,42,6,7,7,4,3,3,0,False,False,False,False,False,False,False,False,False,False,False,False,False,False,False,False,False,False,False,False,False,False,False,False,False,False,True,True,3,False,False,7,5,2,True,14,5,True,True,20,False,,
024,BUDDING-YEAST-CELL-CYCLE,min_growth,complete,20,20,4,16,16,0,False,False,False,False,False,False,False,False,False,False,False,False,False,False,False,False,False,False,False,False,False,False,False,False,False,False,False,False,2,False,False,20,21,1,True,42,6,7,7,4,3,3,0,False,False,False,False,False,False,False,False,False,False,False,False,False,False,False,False,False,False,False,False,False,False,False,False,False,False,True,True,3,False,False,6,6,2,True,14,5,True,True,20,False,,
024,BUDDING-YEAST-CELL-CYCLE,random,complete,20,20,4,16,16,0,False,False,False,False,False,False,False,False,False,False,False,False,False,False,False,False,False,False,False,False,False,False,False,False,False,False,False,False,2,False,False,20,21,1,True,42,6,7,7,4,3,3,0,False,False,False,False,False,False,False,False,False,False,False,False,False,False,False,False,False,False,False,False,False,False,False,False,False,False,True,True,3,False,False,6,6,2,True,14,5,True,True,20,False,,
025,T-LGL-SURVIVAL-NETWORK-2011,first,complete,60,60,6,54,54,0,False,False,False,True,False,False,False,False,False,False,False,False,False,False,False,False,False,False,False,False,False,False,False,False,False,False,False,False,5,False,False,111,84,0,True,195,7,16,16,6,10,10,0,False,False,False,False,False,False,False,False,False,False,False,False,False,False,False,False,False,False,False,False,False,False,False,False,False,False,True,True,10,False,False,46,31,7,True,84,13,True,True,82,False,,
025,T-LGL-SURVIVAL-NETWORK-2011,min_degree,complete,60,60,6,54,54,0,False,False,False,True,False,False,False,False,False,False,False,False,False,False,False,False,False,False,False,False,False,False,False,False,False,False,False,False,5,False,False,111,84,0,True,195,7,15,15,6,9,9,0,False,False,False,False,False,False,False,False,False,False,False,False,False,False,False,False,False,False,False,False,False,False,False,False,False,False,True,True,9,False,False,37,21,4,True,62,12,True,True,82,False,,
025,T-LGL-SURVIVAL-NETWORK-2011,min_growth,complete,60,60,6,54,54,0,False,False,False,True,False,False,False,False,False,False,False,False,False,False,False,False,False,False,False,False,False,False,False,False,False,False,False,False,5,False,False,111,84,0,True,195,7,15,15,6,9,9,0,False,False,False,False,False,False,False,False,False,False,False,False,False,False,False,False,False,False,False,False,False,False,False,False,False,False,True,True,9,False,False,37,21,4,True,62,12,True,True,82,False,,
025,T-LGL-SURVIVAL-NETWORK-2011,random,complete,60,60,6,54,54,0,False,False,False,True,False,False,False,False,False,False,False,False,False,False,False,False,False,False,False,False,False,False,False,False,False,False,False,False,5,False,False,111,84,0,True,195,7,17,17,6,11,11,0,False,False,False,False,False,False,False,False,False,False,False,False,False,False,False,False,False,False,False,False,False,False,False,False,False,False,True,True,11,False,False,40,25,8,True,73,11,True,True,82,False,,
026,BUDDING-YEAST-CELL-CYCLE-2009,first,complete,18,18,0,18,18,0,False,False,False,True,False,False,False,False,False,False,False,False,False,False,False,False,False,False,False,False,False,False,False,False,False,False,False,False,8,False,False,38,20,0,True,58,6,5,5,0,5,5,0,False,False,False,False,False,False,False,False,False,False,False,False,False,False,False,False,False,False,False,False,False,False,False,False,False,False,True,True,5,False,False,10,5,2,True,17,4,True,True,0,False,,
026,BUDDING-YEAST-CELL-CYCLE-2009,min_degree,complete,18,18,0,18,18,0,False,False,False,True,False,False,False,False,False,False,False,False,False,False,False,False,False,False,False,False,False,False,False,False,False,False,False,False,8,False,False,38,20,0,True,58,6,5,5,0,5,5,0,False,False,False,False,False,False,False,False,False,False,False,False,False,False,False,False,False,False,False,False,False,False,False,False,False,False,True,True,5,False,False,10,5,2,True,17,4,True,True,0,False,,
026,BUDDING-YEAST-CELL-CYCLE-2009,min_growth,complete,18,18,0,18,18,0,False,False,False,True,False,False,False,False,False,False,False,False,False,False,False,False,False,False,False,False,False,False,False,False,False,False,False,False,8,False,False,38,20,0,True,58,6,5,5,0,5,5,0,False,False,False,False,False,False,False,False,False,False,False,False,False,False,False,False,False,False,False,False,False,False,False,False,False,False,True,True,5,False,False,10,5,2,True,17,4,True,True,0,False,,
026,BUDDING-YEAST-CELL-CYCLE-2009,random,complete,18,18,0,18,18,0,False,False,False,True,False,False,False,False,False,False,False,False,False,False,False,False,False,False,False,False,False,False,False,False,False,False,False,False,8,False,False,38,20,0,True,58,6,5,5,0,5,5,0,False,False,False,False,False,False,False,False,False,False,False,False,False,False,False,False,False,False,False,False,False,False,False,False,False,False,True,True,5,False,False,10,5,2,True,17,4,True,True,0,False,,
027,WG-PATHWAY-OF-DROSOPHILA,first,complete,26,26,14,12,12,0,False,True,True,True,False,False,False,False,False,False,False,False,False,False,False,False,False,False,False,False,False,False,False,False,False,False,False,False,0,False,False,16,13,0,True,29,7,15,15,14,1,1,0,False,True,True,True,False,False,False,False,False,False,False,False,False,False,False,False,False,False,False,False,False,False,False,False,False,False,True,True,1,False,False,3,4,0,True,7,7,True,False,257,False,,
027,WG-PATHWAY-OF-DROSOPHILA,min_degree,complete,26,26,14,12,12,0,False,True,True,True,False,False,False,False,False,False,False,False,False,False,False,False,False,False,False,False,False,False,False,False,False,False,False,False,0,False,False,16,13,0,True,29,7,15,15,14,1,1,0,False,True,True,True,False,False,False,False,False,False,False,False,False,False,False,False,False,False,False,False,False,False,False,False,False,False,True,True,1,False,False,3,4,0,True,7,7,True,False,257,False,,
027,WG-PATHWAY-OF-DROSOPHILA,min_growth,complete,26,26,14,12,12,0,False,True,True,True,False,False,False,False,False,False,False,False,False,False,False,False,False,False,False,False,False,False,False,False,False,False,False,False,0,False,False,16,13,0,True,29,7,15,15,14,1,1,0,False,True,True,True,False,False,False,False,False,False,False,False,False,False,False,False,False,False,False,False,False,False,False,False,False,False,True,True,1,False,False,3,4,0,True,7,7,True,False,257,False,,
027,WG-PATHWAY-OF-DROSOPHILA,random,complete,26,26,14,12,12,0,False,True,True,True,False,False,False,False,False,False,False,False,False,False,False,False,False,False,False,False,False,False,False,False,False,False,False,False,0,False,False,16,13,0,True,29,7,15,15,14,1,1,0,False,True,True,True,False,False,False,False,False,False,False,False,False,False,False,False,False,False,False,False,False,False,False,False,False,False,True,True,1,False,False,3,4,0,True,7,7,True,False,257,False,,
028,VEGF-PATHWAY-OF-DROSOPHILA,first,complete,18,18,8,10,10,0,False,False,False,True,False,False,True,False,False,False,False,True,False,False,False,False,False,False,False,False,False,False,False,False,False,False,False,False,0,False,True,15,3,0,True,18,4,8,8,8,0,0,0,True,True,False,True,False,False,False,False,False,False,False,False,False,False,False,False,False,False,False,False,False,False,False,False,False,True,True,True,0,False,True,0,0,0,False,0,0,True,True,256,True,,
028,VEGF-PATHWAY-OF-DROSOPHILA,min_degree,complete,18,18,8,10,10,0,False,False,False,True,False,False,True,False,False,False,False,True,False,False,False,False,False,False,False,False,False,False,False,False,False,False,False,False,0,False,True,15,3,0,True,18,4,8,8,8,0,0,0,True,True,False,True,False,False,False,False,False,False,False,False,False,False,False,False,False,False,False,False,False,False,False,False,False,True,True,True,0,False,True,0,0,0,False,0,0,True,True,256,True,,
028,VEGF-PATHWAY-OF-DROSOPHILA,min_growth,complete,18,18,8,10,10,0,False,False,False,True,False,False,True,False,False,False,False,True,False,False,False,False,False,False,False,False,False,False,False,False,False,False,False,False,0,False,True,15,3,0,True,18,4,8,8,8,0,0,0,True,True,False,True,False,False,False,False,False,False,False,False,False,False,False,False,False,False,False,False,False,False,False,False,False,True,True,True,0,False,True,0,0,0,False,0,0,True,True,256,True,,
028,VEGF-PATHWAY-OF-DROSOPHILA,random,complete,18,18,8,10,10,0,False,False,False,True,False,False,True,False,False,False,False,True,False,False,False,False,False,False,False,False,False,False,False,False,False,False,False,False,0,False,True,15,3,0,True,18,4,8,8,8,0,0,0,True,True,False,True,False,False,False,False,False,False,False,False,False,False,False,False,False,False,False,False,False,False,False,False,False,True,True,True,0,False,True,0,0,0,False,0,0,True,True,256,True,,
029,TOLL-PATHWAY-OF-DROSOPHILA,first,complete,11,11,2,9,9,0,False,True,True,True,False,True,True,False,False,False,True,True,False,True,True,True,True,False,True,False,True,False,False,False,False,False,False,False,0,False,True,6,5,0,True,11,2,2,2,2,0,0,0,True,True,False,True,False,False,False,False,False,False,False,False,False,False,False,False,False,False,False,False,False,False,False,False,False,True,True,True,0,False,True,0,0,0,False,0,0,True,True,4,True,,OR
029,TOLL-PATHWAY-OF-DROSOPHILA,min_degree,complete,11,11,2,9,9,0,False,True,True,True,False,True,True,False,False,False,True,True,False,True,True,True,True,False,True,False,True,False,False,False,False,False,False,False,0,False,True,6,5,0,True,11,2,2,2,2,0,0,0,True,True,False,True,False,False,False,False,False,False,False,False,False,False,False,False,False,False,False,False,False,False,False,False,False,True,True,True,0,False,True,0,0,0,False,0,0,True,True,4,True,,OR
029,TOLL-PATHWAY-OF-DROSOPHILA,min_growth,complete,11,11,2,9,9,0,False,True,True,True,False,True,True,False,False,False,True,True,False,True,True,True,True,False,True,False,True,False,False,False,False,False,False,False,0,False,True,6,5,0,True,11,2,2,2,2,0,0,0,True,True,False,True,False,False,False,False,False,False,False,False,False,False,False,False,False,False,False,False,False,False,False,False,False,True,True,True,0,False,True,0,0,0,False,0,0,True,True,4,True,,OR
029,TOLL-PATHWAY-OF-DROSOPHILA,random,complete,11,11,2,9,9,0,False,True,True,True,False,True,True,False,False,False,True,True,False,True,True,True,True,False,True,False,True,False,False,False,False,False,False,False,0,False,True,6,5,0,True,11,2,2,2,2,0,0,0,True,True,False,True,False,False,False,False,False,False,False,False,False,False,False,False,False,False,False,False,False,False,False,False,False,True,True,True,0,False,True,0,0,0,False,0,0,True,True,4,True,,OR
030,SPZ-NETWORK-OF-DROSOPHILA,first,complete,24,24,6,18,18,0,False,True,True,True,False,False,True,False,False,False,False,True,False,False,True,False,False,False,False,False,False,False,False,False,False,False,False,False,0,False,True,27,1,0,True,28,5,6,6,6,0,0,0,True,True,False,True,False,False,False,False,False,False,False,False,False,False,False,False,False,False,False,False,False,False,False,False,False,True,True,True,0,False,True,0,0,0,False,0,0,True,True,64,True,,
030,SPZ-NETWORK-OF-DROSOPHILA,min_degree,complete,24,24,6,18,18,0,False,True,True,True,False,False,True,False,False,False,False,True,False,False,True,False,False,False,False,False,False,False,False,False,False,False,False,False,0,False,True,27,1,0,True,28,5,6,6,6,0,0,0,True,True,False,True,False,False,False,False,False,False,False,False,False,False,False,False,False,False,False,False,False,False,False,False,False,True,True,True,0,False,True,0,0,0,False,0,0,True,True,64,True,,
030,SPZ-NETWORK-OF-DROSOPHILA,min_growth,complete,24,24,6,18,18,0,False,True,True,True,False,False,True,False,False,False,False,True,False,False,True,False,False,False,False,False,False,False,False,False,False,False,False,False,0,False,True,27,1,0,True,28,5,6,6,6,0,0,0,True,True,False,True,False,False,False,False,False,False,False,False,False,False,False,False,False,False,False,False,False,False,False,False,False,True,True,True,0,False,True,0,0,0,False,0,0,True,True,64,True,,
030,SPZ-NETWORK-OF-DROSOPHILA,random,complete,24,24,6,18,18,0,False,True,True,True,False,False,True,False,False,False,False,True,False,False,True,False,False,False,False,False,False,False,False,False,False,False,False,False,0,False,True,27,1,0,True,28,5,6,6,6,0,0,0,True,True,False,True,False,False,False,False,False,False,False,False,False,False,False,False,False,False,False,False,False,False,False,False,False,True,True,True,0,False,True,0,0,0,False,0,0,True,True,64,True,,
031,CELL-CYCLE-TRANSCRIPTION,first,complete,9,9,0,9,9,0,False,True,True,True,False,False,False,False,False,False,False,False,False,False,False,False,False,False,False,False,False,False,False,False,False,False,False,False,0,False,False,15,4,0,True,19,4,3,3,0,3,3,0,False,True,True,True,True,False,True,False,False,True,False,True,False,False,True,False,False,True,False,True,False,False,False,False,False,True,True,True,3,False,False,3,6,0,True,9,3,True,True,1,True,AND,
031,CELL-CYCLE-TRANSCRIPTION,min_degree,complete,9,9,0,9,9,0,False,True,True,True,False,False,False,False,False,False,False,False,False,False,False,False,False,False,False,False,False,False,False,False,False,False,False,False,0,False,False,15,4,0,True,19,4,0,0,0,0,0,0,True,True,False,True,False,False,False,False,False,False,False,False,False,False,False,False,False,False,False,False,False,False,False,False,False,True,True,True,0,False,True,0,0,0,False,0,0,True,True,1,True,,
031,CELL-CYCLE-TRANSCRIPTION,min_growth,complete,9,9,0,9,9,0,False,True,True,True,False,False,False,False,False,False,False,False,False,False,False,False,False,False,False,False,False,False,False,False,False,False,False,False,0,False,False,15,4,0,True,19,4,0,0,0,0,0,0,True,True,False,True,False,False,False,False,False,False,False,False,False,False,False,False,False,False,False,False,False,False,False,False,False,True,True,True,0,False,True,0,0,0,False,0,0,True,True,1,True,,
031,CELL-CYCLE-TRANSCRIPTION,random,complete,9,9,0,9,9,0,False,True,True,True,False,False,False,False,False,False,False,False,False,False,False,False,False,False,False,False,False,False,False,False,False,False,False,False,0,False,False,15,4,0,True,19,4,0,0,0,0,0,0,True,True,False,True,False,False,False,False,False,False,False,False,False,False,False,False,False,False,False,False,False,False,False,False,False,True,True,True,0,False,True,0,0,0,False,0,0,True,True,1,True,,
032,T-CELL-SIGNALLING-2006,first,complete,40,40,3,37,37,0,False,True,True,True,False,False,False,False,False,False,False,False,False,False,False,False,False,False,False,False,False,False,False,False,False,False,False,False,0,False,False,47,5,0,True,52,5,5,5,3,2,2,0,False,True,True,True,False,False,False,False,False,False,False,False,False,False,False,False,False,False,False,False,False,False,False,False,False,False,True,True,2,False,False,5,4,0,True,9,5,True,True,7,True,,
032,T-CELL-SIGNALLING-2006,min_degree,complete,40,40,3,37,37,0,False,True,True,True,False,False,False,False,False,False,False,False,False,False,False,False,False,False,False,False,False,False,False,False,False,False,False,False,0,False,False,47,5,0,True,52,5,4,4,3,1,1,0,False,True,True,True,False,False,False,False,False,False,False,False,False,False,False,False,False,False,False,False,False,False,False,False,False,False,True,True,1,False,False,3,1,0,True,4,4,True,True,7,True,,
032,T-CELL-SIGNALLING-2006,min_growth,complete,40,40,3,37,37,0,False,True,True,True,False,False,False,False,False,False,False,False,False,False,False,False,False,False,False,False,False,False,False,False,False,False,False,False,0,False,False,47,5,0,True,52,5,4,4,3,1,1,0,False,True,True,True,False,False,False,False,False,False,False,False,False,False,False,False,False,False,False,False,False,False,False,False,False,False,True,True,1,False,False,3,1,0,True,4,4,True,True,7,True,,
032,T-CELL-SIGNALLING-2006,random,complete,40,40,3,37,37,0,False,True,True,True,False,False,False,False,False,False,False,False,False,False,False,False,False,False,False,False,False,False,False,False,False,False,False,False,0,False,False,47,5,0,True,52,5,5,5,3,2,2,0,False,True,True,True,False,False,False,False,False,False,False,False,False,False,False,False,False,False,False,False,False,False,False,False,False,False,True,True,2,False,False,5,4,0,True,9,5,True,True,7,True,,
033,BT474-BREAST-CELL-LINE-LONG-TERM,first,complete,24,24,5,19,19,0,False,False,False,True,False,False,False,False,False,False,False,False,False,False,False,False,False,False,False,False,False,False,False,False,False,False,True,True,19,False,False,45,23,0,True,68,6,24,24,5,19,19,0,False,False,False,True,False,False,False,False,False,False,False,False,False,False,False,False,False,False,False,False,False,False,False,False,False,False,True,True,19,False,False,45,23,0,True,68,6,True,False,257,False,,
033,BT474-BREAST-CELL-LINE-LONG-TERM,min_degree,complete,24,24,5,19,19,0,False,False,False,True,False,False,False,False,False,False,False,False,False,False,False,False,False,False,False,False,False,False,False,False,False,False,True,True,19,False,False,45,23,0,True,68,6,24,24,5,19,19,0,False,False,False,True,False,False,False,False,False,False,False,False,False,False,False,False,False,False,False,False,False,False,False,False,False,False,True,True,19,False,False,45,23,0,True,68,6,True,False,257,False,,
033,BT474-BREAST-CELL-LINE-LONG-TERM,min_growth,complete,24,24,5,19,19,0,False,False,False,True,False,False,False,False,False,False,False,False,False,False,False,False,False,False,False,False,False,False,False,False,False,False,True,True,19,False,False,45,23,0,True,68,6,24,24,5,19,19,0,False,False,False,True,False,False,False,False,False,False,False,False,False,False,False,False,False,False,False,False,False,False,False,False,False,False,True,True,19,False,False,45,23,0,True,68,6,True,False,257,False,,
033,BT474-BREAST-CELL-LINE-LONG-TERM,random,complete,24,24,5,19,19,0,False,False,False,True,False,False,False,False,False,False,False,False,False,False,False,False,False,False,False,False,False,False,False,False,False,False,True,True,19,False,False,45,23,0,True,68,6,24,24,5,19,19,0,False,False,False,True,False,False,False,False,False,False,False,False,False,False,False,False,False,False,False,False,False,False,False,False,False,False,True,True,19,False,False,45,23,0,True,68,6,True,False,257,False,,
034,HCC1954-BREAST-CELL-LINE-LONG-TERM,first,complete,23,23,4,19,19,0,False,False,False,True,False,False,False,False,False,False,False,False,False,False,False,False,False,False,False,False,False,False,False,False,False,False,True,True,19,False,False,48,20,0,True,68,6,23,23,4,19,19,0,False,False,False,True,False,False,False,False,False,False,False,False,False,False,False,False,False,False,False,False,False,False,False,False,False,False,True,True,19,False,False,48,20,0,True,68,6,True,False,257,False,,
034,HCC1954-BREAST-CELL-LINE-LONG-TERM,min_degree,complete,23,23,4,19,19,0,False,False,False,True,False,False,False,False,False,False,False,False,False,False,False,False,False,False,False,False,False,False,False,False,False,False,True,True,19,False,False,48,20,0,True,68,6,23,23,4,19,19,0,False,False,False,True,False,False,False,False,False,False,False,False,False,False,False,False,False,False,False,False,False,False,False,False,False,False,True,True,19,False,False,48,20,0,True,68,6,True,False,257,False,,
034,HCC1954-BREAST-CELL-LINE-LONG-TERM,min_growth,complete,23,23,4,19,19,0,False,False,False,True,False,False,False,False,False,False,False,False,False,False,False,False,False,False,False,False,False,False,False,False,False,False,True,True,19,False,False,48,20,0,True,68,6,23,23,4,19,19,0,False,False,False,True,False,False,False,False,False,False,False,False,False,False,False,False,False,False,False,False,False,False,False,False,False,False,True,True,19,False,False,48,20,0,True,68,6,True,False,257,False,,
034,HCC1954-BREAST-CELL-LINE-LONG-TERM,random,complete,23,23,4,19,19,0,False,False,False,True,False,False,False,False,False,False,False,False,False,False,False,False,False,False,False,False,False,False,False,False,False,False,True,True,19,False,False,48,20,0,True,68,6,23,23,4,19,19,0,False,False,False,True,False,False,False,False,False,False,False,False,False,False,False,False,False,False,False,False,False,False,False,False,False,False,True,True,19,False,False,48,20,0,True,68,6,True,False,257,False,,
035,BT474-BREAST-CELL-LINE-SHORT-TERM,first,complete,16,16,5,11,11,0,False,False,False,True,False,False,False,False,False,False,False,False,False,False,False,False,False,False,False,False,False,False,False,False,False,False,True,True,11,False,False,39,7,0,True,46,6,16,16,5,11,11,0,False,False,False,True,False,False,False,False,False,False,False,False,False,False,False,False,False,False,False,False,False,False,False,False,False,False,True,True,11,False,False,39,7,0,True,46,6,True,True,253,False,,
035,BT474-BREAST-CELL-LINE-SHORT-TERM,min_degree,complete,16,16,5,11,11,0,False,False,False,True,False,False,False,False,False,False,False,False,False,False,False,False,False,False,False,False,False,False,False,False,False,False,True,True,11,False,False,39,7,0,True,46,6,16,16,5,11,11,0,False,False,False,True,False,False,False,False,False,False,False,False,False,False,False,False,False,False,False,False,False,False,False,False,False,False,True,True,11,False,False,39,7,0,True,46,6,True,True,253,False,,
035,BT474-BREAST-CELL-LINE-SHORT-TERM,min_growth,complete,16,16,5,11,11,0,False,False,False,True,False,False,False,False,False,False,False,False,False,False,False,False,False,False,False,False,False,False,False,False,False,False,True,True,11,False,False,39,7,0,True,46,6,16,16,5,11,11,0,False,False,False,True,False,False,False,False,False,False,False,False,False,False,False,False,False,False,False,False,False,False,False,False,False,False,True,True,11,False,False,39,7,0,True,46,6,True,True,253,False,,
035,BT474-BREAST-CELL-LINE-SHORT-TERM,random,complete,16,16,5,11,11,0,False,False,False,True,False,False,False,False,False,False,False,False,False,False,False,False,False,False,False,False,False,False,False,False,False,False,True,True,11,False,False,39,7,0,True,46,6,16,16,5,11,11,0,False,False,False,True,False,False,False,False,False,False,False,False,False,False,False,False,False,False,False,False,False,False,False,False,False,False,True,True,11,False,False,39,7,0,True,46,6,True,True,253,False,,
036,HCC1954-BREAST-CELL-LINE-SHORT-TERM,first,complete,16,16,5,11,11,0,False,False,False,True,False,False,False,False,False,False,False,False,False,False,False,False,False,False,False,False,False,False,False,False,False,False,True,True,11,False,False,39,7,0,True,46,6,16,16,5,11,11,0,False,False,False,True,False,False,False,False,False,False,False,False,False,False,False,False,False,False,False,False,False,False,False,False,False,False,True,True,11,False,False,39,7,0,True,46,6,True,False,257,False,,
036,HCC1954-BREAST-CELL-LINE-SHORT-TERM,min_degree,complete,16,16,5,11,11,0,False,False,False,True,False,False,False,False,False,False,False,False,False,False,False,False,False,False,False,False,False,False,False,False,False,False,True,True,11,False,False,39,7,0,True,46,6,16,16,5,11,11,0,False,False,False,True,False,False,False,False,False,False,False,False,False,False,False,False,False,False,False,False,False,False,False,False,False,False,True,True,11,False,False,39,7,0,True,46,6,True,False,257,False,,
036,HCC1954-BREAST-CELL-LINE-SHORT-TERM,min_growth,complete,16,16,5,11,11,0,False,False,False,True,False,False,False,False,False,False,False,False,False,False,False,False,False,False,False,False,False,False,False,False,False,False,True,True,11,False,False,39,7,0,True,46,6,16,16,5,11,11,0,False,False,False,True,False,False,False,False,False,False,False,False,False,False,False,False,False,False,False,False,False,False,False,False,False,False,True,True,11,False,False,39,7,0,True,46,6,True,False,257,False,,
036,HCC1954-BREAST-CELL-LINE-SHORT-TERM,random,complete,16,16,5,11,11,0,False,False,False,True,False,False,False,False,False,False,False,False,False,False,False,False,False,False,False,False,False,False,False,False,False,False,True,True,11,False,False,39,7,0,True,46,6,16,16,5,11,11,0,False,False,False,True,False,False,False,False,False,False,False,False,False,False,False,False,False,False,False,False,False,False,False,False,False,False,True,True,11,False,False,39,7,0,True,46,6,True,False,257,False,,
037,SKBR3-BREAST-CELL-LINE-SHORT-TERM,first,complete,16,16,5,11,11,0,False,True,True,True,False,False,False,False,False,False,False,False,False,False,False,False,False,False,False,False,False,False,False,False,False,False,True,True,11,False,True,34,7,0,True,41,5,16,16,5,11,11,0,False,True,True,True,False,False,False,False,False,False,False,False,False,False,False,False,False,False,False,False,False,False,False,False,False,False,True,True,11,False,True,34,7,0,True,41,5,True,False,257,False,,
037,SKBR3-BREAST-CELL-LINE-SHORT-TERM,min_degree,complete,16,16,5,11,11,0,False,True,True,True,False,False,False,False,False,False,False,False,False,False,False,False,False,False,False,False,False,False,False,False,False,False,True,True,11,False,True,34,7,0,True,41,5,16,16,5,11,11,0,False,True,True,True,False,False,False,False,False,False,False,False,False,False,False,False,False,False,False,False,False,False,False,False,False,False,True,True,11,False,True,34,7,0,True,41,5,True,False,257,False,,
037,SKBR3-BREAST-CELL-LINE-SHORT-TERM,min_growth,complete,16,16,5,11,11,0,False,True,True,True,False,False,False,False,False,False,False,False,False,False,False,False,False,False,False,False,False,False,False,False,False,False,True,True,11,False,True,34,7,0,True,41,5,16,16,5,11,11,0,False,True,True,True,False,False,False,False,False,False,False,False,False,False,False,False,False,False,False,False,False,False,False,False,False,False,True,True,11,False,True,34,7,0,True,41,5,True,False,257,False,,
037,SKBR3-BREAST-CELL-LINE-SHORT-TERM,random,complete,16,16,5,11,11,0,False,True,True,True,False,False,False,False,False,False,False,False,False,False,False,False,False,False,False,False,False,False,False,False,False,False,True,True,11,False,True,34,7,0,True,41,5,16,16,5,11,11,0,False,True,True,True,False,False,False,False,False,False,False,False,False,False,False,False,False,False,False,False,False,False,False,False,False,False,True,True,11,False,True,34,7,0,True,41,5,True,False,257,False,,
038,SKBR3-BREAST-CELL-LINE-LONG-TERM,first,complete,25,25,4,21,21,0,False,False,False,True,False,False,False,False,False,False,False,False,False,False,False,False,False,False,False,False,False,False,False,False,False,False,True,True,21,False,False,55,26,0,True,81,7,25,25,4,21,21,0,False,False,False,True,False,False,False,False,False,False,False,False,False,False,False,False,False,False,False,False,False,False,False,False,False,False,True,True,21,False,False,55,26,0,True,81,7,True,False,257,False,,
038,SKBR3-BREAST-CELL-LINE-LONG-TERM,min_degree,complete,25,25,4,21,21,0,False,False,False,True,False,False,False,False,False,False,False,False,False,False,False,False,False,False,False,False,False,False,False,False,False,False,True,True,21,False,False,55,26,0,True,81,7,25,25,4,21,21,0,False,False,False,True,False,False,False,False,False,False,False,False,False,False,False,False,False,False,False,False,False,False,False,False,False,False,True,True,21,False,False,55,26,0,True,81,7,True,False,257,False,,
038,SKBR3-BREAST-CELL-LINE-LONG-TERM,min_growth,complete,25,25,4,21,21,0,False,False,False,True,False,False,False,False,False,False,False,False,False,False,False,False,False,False,False,False,False,False,False,False,False,False,True,True,21,False,False,55,26,0,True,81,7,25,25,4,21,21,0,False,False,False,True,False,False,False,False,False,False,False,False,False,False,False,False,False,False,False,False,False,False,False,False,False,False,True,True,21,False,False,55,26,0,True,81,7,True,False,257,False,,
038,SKBR3-BREAST-CELL-LINE-LONG-TERM,random,complete,25,25,4,21,21,0,False,False,False,True,False,False,False,False,False,False,False,False,False,False,False,False,False,False,False,False,False,False,False,False,False,False,True,True,21,False,False,55,26,0,True,81,7,25,25,4,21,21,0,False,False,False,True,False,False,False,False,False,False,False,False,False,False,False,False,False,False,False,False,False,False,False,False,False,False,True,True,21,False,False,55,26,0,True,81,7,True,False,257,False,,
039,HIV-1-INTERACTIONS-WITH-T-CELL-SIGNALING,first,complete,138,138,14,124,123,1,False,False,False,True,False,False,False,False,False,False,False,False,False,False,False,False,False,False,False,False,False,False,False,False,False,False,False,False,0,False,False,281,21,0,True,302,15,23,23,14,9,9,0,False,False,False,False,False,False,False,False,False,False,False,False,False,False,False,False,False,False,False,False,False,False,False,False,False,False,True,True,9,False,False,62,19,5,True,86,15,True,False,257,False,,
039,HIV-1-INTERACTIONS-WITH-T-CELL-SIGNALING,min_degree,complete,138,138,14,124,123,1,False,False,False,True,False,False,False,False,False,False,False,False,False,False,False,False,False,False,False,False,False,False,False,False,False,False,False,False,0,False,False,281,21,0,True,302,15,18,18,14,4,4,0,False,False,False,True,False,False,False,False,False,False,False,False,False,False,False,False,False,False,False,False,False,False,False,False,False,False,True,True,4,False,False,18,1,0,True,19,9,True,False,257,False,,
039,HIV-1-INTERACTIONS-WITH-T-CELL-SIGNALING,min_growth,complete,138,138,14,124,123,1,False,False,False,True,False,False,False,False,False,False,False,False,False,False,False,False,False,False,False,False,False,False,False,False,False,False,False,False,0,False,False,281,21,0,True,302,15,18,18,14,4,4,0,False,False,False,True,False,False,False,False,False,False,False,False,False,False,False,False,False,False,False,False,False,False,False,False,False,False,True,True,4,False,False,18,1,0,True,19,9,True,False,257,False,,
039,HIV-1-INTERACTIONS-WITH-T-CELL-SIGNALING,random,complete,138,138,14,124,123,1,False,False,False,True,False,False,False,False,False,False,False,False,False,False,False,False,False,False,False,False,False,False,False,False,False,False,False,False,0,False,False,281,21,0,True,302,15,21,21,14,7,7,0,False,False,False,True,False,False,False,False,False,False,False,False,False,False,False,False,False,False,False,False,False,False,False,False,False,False,True,True,7,False,False,39,13,0,True,52,13,True,False,257,False,,
040,T-CELL-DIFFERENTIATION,first,complete,23,23,4,19,19,0,False,False,False,True,False,False,False,False,False,False,False,False,False,False,False,False,False,False,False,False,False,False,False,False,False,False,False,False,2,False,False,26,8,0,True,34,5,7,7,4,3,3,0,False,False,False,True,False,False,False,False,False,False,False,False,False,False,False,False,False,False,False,False,False,False,False,False,False,False,True,True,3,False,False,7,5,0,True,12,7,True,True,33,False,,
040,T-CELL-DIFFERENTIATION,min_degree,complete,23,23,4,19,19,0,False,False,False,True,False,False,False,False,False,False,False,False,False,False,False,False,False,False,False,False,False,False,False,False,False,False,False,False,2,False,False,26,8,0,True,34,5,7,7,4,3,3,0,False,False,False,True,False,False,False,False,False,False,False,False,False,False,False,False,False,False,False,False,False,False,False,False,False,False,True,True,3,False,False,7,5,0,True,12,7,True,True,33,False,,
040,T-CELL-DIFFERENTIATION,min_growth,complete,23,23,4,19,19,0,False,False,False,True,False,False,False,False,False,False,False,False,False,False,False,False,False,False,False,False,False,False,False,False,False,False,False,False,2,False,False,26,8,0,True,34,5,7,7,4,3,3,0,False,False,False,True,False,False,False,False,False,False,False,False,False,False,False,False,False,False,False,False,False,False,False,False,False,False,True,True,3,False,False,7,5,0,True,12,7,True,True,33,False,,
040,T-CELL-DIFFERENTIATION,random,complete,23,23,4,19,19,0,False,False,False,True,False,False,False,False,False,False,False,False,False,False,False,False,False,False,False,False,False,False,False,False,False,False,False,False,2,False,False,26,8,0,True,34,5,7,7,4,3,3,0,False,False,False,True,False,False,False,False,False,False,False,False,False,False,False,False,False,False,False,False,False,False,False,False,False,False,True,True,3,False,False,7,6,0,True,13,7,True,True,33,False,,
041,INFLUENZA-VIRUS-REPLICATION-CYCLE,first,complete,131,131,11,120,120,0,False,False,False,True,False,False,False,False,False,False,False,False,False,False,False,False,False,False,False,False,False,False,False,False,False,False,False,False,0,False,False,267,27,0,True,294,11,31,31,11,20,20,0,False,False,False,False,False,False,False,False,False,False,False,False,False,False,False,False,False,False,False,False,False,False,False,False,False,False,True,True,20,False,False,149,135,42,True,326,20,True,False,257,False,,
041,INFLUENZA-VIRUS-REPLICATION-CYCLE,min_degree,complete,131,131,11,120,120,0,False,False,False,True,False,False,False,False,False,False,False,False,False,False,False,False,False,False,False,False,False,False,False,False,False,False,False,False,0,False,False,267,27,0,True,294,11,31,31,11,20,20,0,False,False,False,False,False,False,False,False,False,False,False,False,False,False,False,False,False,False,False,False,False,False,False,False,False,False,True,True,20,False,False,134,46,6,True,186,15,True,False,257,False,,
041,INFLUENZA-VIRUS-REPLICATION-CYCLE,min_growth,complete,131,131,11,120,120,0,False,False,False,True,False,False,False,False,False,False,False,False,False,False,False,False,False,False,False,False,False,False,False,False,False,False,False,False,0,False,False,267,27,0,True,294,11,30,30,11,19,19,0,False,False,False,False,False,False,False,False,False,False,False,False,False,False,False,False,False,False,False,False,False,False,False,False,False,False,True,True,19,False,False,125,53,8,True,186,16,True,False,257,False,,
041,INFLUENZA-VIRUS-REPLICATION-CYCLE,random,complete,131,131,11,120,120,0,False,False,False,True,False,False,False,False,False,False,False,False,False,False,False,False,False,False,False,False,False,False,False,False,False,False,False,False,0,False,False,267,27,0,True,294,11,30,30,11,19,19,0,False,False,False,True,False,False,False,False,False,False,False,False,False,False,False,False,False,False,False,False,False,False,False,False,False,False,True,True,19,False,False,139,87,0,True,226,15,True,False,257,False,,
042,TOL-REGULATORY-NETWORK,first,complete,24,24,10,14,14,0,False,False,False,True,False,False,False,False,False,False,False,False,False,False,False,False,False,False,False,False,False,False,False,False,False,False,False,False,0,False,True,34,14,0,True,48,10,10,10,10,0,0,0,True,True,False,True,False,False,False,False,False,False,False,False,False,False,False,False,False,False,False,False,False,False,False,False,False,True,True,True,0,False,True,0,0,0,False,0,0,True,False,257,True,,
042,TOL-REGULATORY-NETWORK,min_degree,complete,24,24,10,14,14,0,False,False,False,True,False,False,False,False,False,False,False,False,False,False,False,False,False,False,False,False,False,False,False,False,False,False,False,False,0,False,True,34,14,0,True,48,10,10,10,10,0,0,0,True,True,False,True,False,False,False,False,False,False,False,False,False,False,False,False,False,False,False,False,False,False,False,False,False,True,True,True,0,False,True,0,0,0,False,0,0,True,False,257,True,,
042,TOL-REGULATORY-NETWORK,min_growth,complete,24,24,10,14,14,0,False,False,False,True,False,False,False,False,False,False,False,False,False,False,False,False,False,False,False,False,False,False,False,False,False,False,False,False,0,False,True,34,14,0,True,48,10,10,10,10,0,0,0,True,True,False,True,False,False,False,False,False,False,False,False,False,False,False,False,False,False,False,False,False,False,False,False,False,True,True,True,0,False,True,0,0,0,False,0,0,True,False,257,True,,
042,TOL-REGULATORY-NETWORK,random,complete,24,24,10,14,14,0,False,False,False,True,False,False,False,False,False,False,False,False,False,False,False,False,False,False,False,False,False,False,False,False,False,False,False,False,0,False,True,34,14,0,True,48,10,10,10,10,0,0,0,True,True,False,True,False,False,False,False,False,False,False,False,False,False,False,False,False,False,False,False,False,False,False,False,False,True,True,True,0,False,True,0,0,0,False,0,0,True,False,257,True,,
043,BORDETELLA-BRONCHISEPTICA,first,complete,33,33,0,33,33,0,False,False,False,True,False,False,False,False,False,False,False,False,False,False,False,False,False,False,False,False,False,False,False,False,False,False,False,False,4,False,False,67,12,0,True,79,6,7,7,0,7,7,0,False,False,False,True,False,False,False,False,False,False,False,False,False,False,False,False,False,False,False,False,False,False,False,False,False,False,True,True,7,False,False,18,8,0,True,26,6,True,True,3,False,,
043,BORDETELLA-BRONCHISEPTICA,min_degree,complete,33,33,0,33,33,0,False,False,False,True,False,False,False,False,False,False,False,False,False,False,False,False,False,False,False,False,False,False,False,False,False,False,False,False,4,False,False,67,12,0,True,79,6,7,7,0,7,7,0,False,False,False,True,False,False,False,False,False,False,False,False,False,False,False,False,False,False,False,False,False,False,False,False,False,False,True,True,7,False,False,18,8,0,True,26,6,True,True,3,False,,
043,BORDETELLA-BRONCHISEPTICA,min_growth,complete,33,33,0,33,33,0,False,False,False,True,False,False,False,False,False,False,False,False,False,False,False,False,False,False,False,False,False,False,False,False,False,False,False,False,4,False,False,67,12,0,True,79,6,7,7,0,7,7,0,False,False,False,True,False,False,False,False,False,False,False,False,False,False,False,False,False,False,False,False,False,False,False,False,False,False,True,True,7,False,False,13,10,0,True,23,6,True,True,3,False,,
043,BORDETELLA-BRONCHISEPTICA,random,complete,33,33,0,33,33,0,False,False,False,True,False,False,False,False,False,False,False,False,False,False,False,False,False,False,False,False,False,False,False,False,False,False,False,False,4,False,False,67,12,0,True,79,6,7,7,0,7,7,0,False,False,False,True,False,False,False,False,False,False,False,False,False,False,False,False,False,False,False,False,False,False,False,False,False,False,True,True,7,False,False,18,8,0,True,26,6,True,True,3,False,,
044,TRICHOSTRONGYLUS-RETORTAEFORMIS,first,complete,26,26,1,25,25,0,False,False,False,True,False,False,False,False,False,False,False,False,False,False,False,False,False,False,False,False,False,False,False,False,False,False,False,False,2,False,False,48,10,0,True,58,5,7,7,1,6,6,0,False,False,False,False,False,False,False,False,False,False,False,False,False,False,False,False,False,False,False,False,False,False,False,False,False,False,True,True,6,False,False,25,4,3,True,32,7,True,True,6,False,,
044,TRICHOSTRONGYLUS-RETORTAEFORMIS,min_degree,complete,26,26,1,25,25,0,False,False,False,True,False,False,False,False,False,False,False,False,False,False,False,False,False,False,False,False,False,False,False,False,False,False,False,False,2,False,False,48,10,0,True,58,5,6,6,1,5,5,0,False,False,False,False,False,False,False,False,False,False,False,False,False,False,False,False,False,False,False,False,False,False,False,False,False,False,True,True,5,False,False,12,5,1,True,18,5,True,True,6,False,,
044,TRICHOSTRONGYLUS-RETORTAEFORMIS,min_growth,complete,26,26,1,25,25,0,False,False,False,True,False,False,False,False,False,False,False,False,False,False,False,False,False,False,False,False,False,False,False,False,False,False,False,False,2,False,False,48,10,0,True,58,5,6,6,1,5,5,0,False,False,False,False,False,False,False,False,False,False,False,False,False,False,False,False,False,False,False,False,False,False,False,False,False,False,True,True,5,False,False,12,5,1,True,18,5,True,True,6,False,,
044,TRICHOSTRONGYLUS-RETORTAEFORMIS,random,complete,26,26,1,25,25,0,False,False,False,True,False,False,False,False,False,False,False,False,False,False,False,False,False,False,False,False,False,False,False,False,False,False,False,False,2,False,False,48,10,0,True,58,5,6,6,1,5,5,0,False,False,False,False,False,False,False,False,False,False,False,False,False,False,False,False,False,False,False,False,False,False,False,False,False,False,True,True,5,False,False,12,9,2,True,23,6,True,True,6,False,,
045,HH-PATHWAY-OF-DROSOPHILA,first,complete,24,24,13,11,11,0,False,False,False,True,False,False,False,False,False,False,False,False,False,False,False,False,False,False,False,False,False,False,False,False,False,False,False,False,0,False,True,19,13,0,True,32,8,13,13,13,0,0,0,True,True,False,True,False,False,False,False,False,False,False,False,False,False,False,False,False,False,False,False,False,False,False,False,False,True,True,True,0,False,True,0,0,0,False,0,0,True,False,257,True,,
045,HH-PATHWAY-OF-DROSOPHILA,min_degree,complete,24,24,13,11,11,0,False,False,False,True,False,False,False,False,False,False,False,False,False,False,False,False,False,False,False,False,False,False,False,False,False,False,False,False,0,False,True,19,13,0,True,32,8,13,13,13,0,0,0,True,True,False,True,False,False,False,False,False,False,False,False,False,False,False,False,False,False,False,False,False,False,False,False,False,True,True,True,0,False,True,0,0,0,False,0,0,True,False,257,True,,
045,HH-PATHWAY-OF-DROSOPHILA,min_growth,complete,24,24,13,11,11,0,False,False,False,True,False,False,False,False,False,False,False,False,False,False,False,False,False,False,False,False,False,False,False,False,False,False,False,False,0,False,True,19,13,0,True,32,8,13,13,13,0,0,0,True,True,False,True,False,False,False,False,False,False,False,False,False,False,False,False,False,False,False,False,False,False,False,False,False,True,True,True,0,False,True,0,0,0,False,0,0,True,False,257,True,,
045,HH-PATHWAY-OF-DROSOPHILA,random,complete,24,24,13,11,11,0,False,False,False,True,False,False,False,False,False,False,False,False,False,False,False,False,False,False,False,False,False,False,False,False,False,False,False,False,0,False,True,19,13,0,True,32,8,13,13,13,0,0,0,True,True,False,True,False,False,False,False,False,False,False,False,False,False,False,False,False,False,False,False,False,False,False,False,False,True,True,True,0,False,True,0,0,0,False,0,0,True,False,257,True,,
046,B-BRONCHISEPTICA-AND-T-RETORTAEFORMIS,first,complete,53,53,1,52,52,0,False,False,False,True,False,False,False,False,False,False,False,False,False,False,False,False,False,False,False,False,False,False,False,False,False,False,False,False,6,False,False,117,18,0,True,135,8,12,12,1,11,11,0,False,False,False,False,False,False,False,False,False,False,False,False,False,False,False,False,False,False,False,False,False,False,False,False,False,False,True,True,11,False,False,37,13,3,True,53,9,True,True,30,False,,
046,B-BRONCHISEPTICA-AND-T-RETORTAEFORMIS,min_degree,complete,53,53,1,52,52,0,False,False,False,True,False,False,False,False,False,False,False,False,False,False,False,False,False,False,False,False,False,False,False,False,False,False,False,False,6,False,False,117,18,0,True,135,8,10,10,1,9,9,0,False,False,False,False,False,False,False,False,False,False,False,False,False,False,False,False,False,False,False,False,False,False,False,False,False,False,True,True,9,False,False,23,11,3,True,37,7,True,True,30,False,,
046,B-BRONCHISEPTICA-AND-T-RETORTAEFORMIS,min_growth,complete,53,53,1,52,52,0,False,False,False,True,False,False,False,False,False,False,False,False,False,False,False,False,False,False,False,False,False,False,False,False,False,False,False,False,6,False,False,117,18,0,True,135,8,11,11,1,10,10,0,False,False,False,False,False,False,False,False,False,False,False,False,False,False,False,False,False,False,False,False,False,False,False,False,False,False,True,True,10,False,False,29,13,4,True,46,10,True,True,30,False,,
046,B-BRONCHISEPTICA-AND-T-RETORTAEFORMIS,random,complete,53,53,1,52,52,0,False,False,False,True,False,False,False,False,False,False,False,False,False,False,False,False,False,False,False,False,False,False,False,False,False,False,False,False,6,False,False,117,18,0,True,135,8,11,11,1,10,10,0,False,False,False,False,False,False,False,False,False,False,False,False,False,False,False,False,False,False,False,False,False,False,False,False,False,False,True,True,10,False,False,29,13,4,True,46,10,True,True,30,False,,
047,FGF-PATHWAY-OF-DROSOPHILA,first,complete,23,23,9,14,14,0,False,False,False,True,False,False,True,False,False,False,False,True,False,False,False,False,False,False,False,False,False,False,False,False,False,False,False,False,0,False,True,20,2,0,True,22,4,9,9,9,0,0,0,True,True,False,True,False,False,False,False,False,False,False,False,False,False,False,False,False,False,False,False,False,False,False,False,False,True,True,True,0,False,True,0,0,0,False,0,0,True,False,257,True,,
047,FGF-PATHWAY-OF-DROSOPHILA,min_degree,complete,23,23,9,14,14,0,False,False,False,True,False,False,True,False,False,False,False,True,False,False,False,False,False,False,False,False,False,False,False,False,False,False,False,False,0,False,True,20,2,0,True,22,4,9,9,9,0,0,0,True,True,False,True,False,False,False,False,False,False,False,False,False,False,False,False,False,False,False,False,False,False,False,False,False,True,True,True,0,False,True,0,0,0,False,0,0,True,False,257,True,,
047,FGF-PATHWAY-OF-DROSOPHILA,min_growth,complete,23,23,9,14,14,0,False,False,False,True,False,False,True,False,False,False,False,True,False,False,False,False,False,False,False,False,False,False,False,False,False,False,False,False,0,False,True,20,2,0,True,22,4,9,9,9,0,0,0,True,True,False,True,False,False,False,False,False,False,False,False,False,False,False,False,False,False,False,False,False,False,False,False,False,True,True,True,0,False,True,0,0,0,False,0,0,True,False,257,True,,
047,FGF-PATHWAY-OF-DROSOPHILA,random,complete,23,23,9,14,14,0,False,False,False,True,False,False,True,False,False,False,False,True,False,False,False,False,False,False,False,False,False,False,False,False,False,False,False,False,0,False,True,20,2,0,True,22,4,9,9,9,0,0,0,True,True,False,True,False,False,False,False,False,False,False,False,False,False,False,False,False,False,False,False,False,False,False,False,False,True,True,True,0,False,True,0,0,0,False,0,0,True,False,257,True,,
048,GLUCOSE-REPRESSION-SIGNALING-2009,first,complete,73,73,18,55,55,0,False,False,False,True,False,False,False,False,False,False,False,False,False,False,False,False,False,False,False,False,False,False,False,False,False,False,False,False,0,False,False,57,40,0,True,97,5,20,20,18,2,2,0,False,False,False,True,False,False,False,False,False,False,False,False,False,False,False,False,False,False,False,False,False,False,False,False,False,False,True,True,2,False,True,11,12,0,True,23,13,True,False,257,False,,
048,GLUCOSE-REPRESSION-SIGNALING-2009,min_degree,complete,73,73,18,55,55,0,False,False,False,True,False,False,False,False,False,False,False,False,False,False,False,False,False,False,False,False,False,False,False,False,False,False,False,False,0,False,False,57,40,0,True,97,5,20,20,18,2,2,0,False,False,False,True,False,False,False,False,False,False,False,False,False,False,False,False,False,False,False,False,False,False,False,False,False,False,True,True,2,False,True,11,12,0,True,23,13,True,False,257,False,,
048,GLUCOSE-REPRESSION-SIGNALING-2009,min_growth,complete,73,73,18,55,55,0,False,False,False,True,False,False,False,False,False,False,False,False,False,False,False,False,False,False,False,False,False,False,False,False,False,False,False,False,0,False,False,57,40,0,True,97,5,20,20,18,2,2,0,False,False,False,True,False,False,False,False,False,False,False,False,False,False,False,False,False,False,False,False,False,False,False,False,False,False,True,True,2,False,True,11,12,0,True,23,13,True,False,257,False,,
048,GLUCOSE-REPRESSION-SIGNALING-2009,random,complete,73,73,18,55,55,0,False,False,False,True,False,False,False,False,False,False,False,False,False,False,False,False,False,False,False,False,False,False,False,False,False,False,False,False,0,False,False,57,40,0,True,97,5,20,20,18,2,2,0,False,False,False,True,False,False,False,False,False,False,False,False,False,False,False,False,False,False,False,False,False,False,False,False,False,False,True,True,2,False,True,14,9,0,True,23,13,True,False,257,False,,
049,OXIDATIVE-STRESS-PATHWAY,first,complete,19,19,1,18,18,0,False,False,False,True,False,False,False,False,False,False,False,False,False,False,False,False,False,False,False,False,False,False,False,False,False,False,False,False,2,False,False,16,16,0,True,32,4,2,2,1,1,1,0,False,True,True,True,True,False,True,False,False,True,False,True,False,False,True,False,False,True,False,True,False,False,False,False,False,False,True,True,1,False,False,1,1,0,True,2,2,True,True,1,True,AND,
049,OXIDATIVE-STRESS-PATHWAY,min_degree,complete,19,19,1,18,18,0,False,False,False,True,False,False,False,False,False,False,False,False,False,False,False,False,False,False,False,False,False,False,False,False,False,False,False,False,2,False,False,16,16,0,True,32,4,2,2,1,1,1,0,False,True,True,True,True,False,True,False,False,True,False,True,False,False,True,False,False,True,False,True,False,False,False,False,False,False,True,True,1,False,False,1,1,0,True,2,2,True,True,1,True,AND,
049,OXIDATIVE-STRESS-PATHWAY,min_growth,complete,19,19,1,18,18,0,False,False,False,True,False,False,False,False,False,False,False,False,False,False,False,False,False,False,False,False,False,False,False,False,False,False,False,False,2,False,False,16,16,0,True,32,4,2,2,1,1,1,0,False,True,True,True,True,False,True,False,False,True,False,True,False,False,True,False,False,True,False,True,False,False,False,False,False,False,True,True,1,False,False,1,1,0,True,2,2,True,True,1,True,AND,
049,OXIDATIVE-STRESS-PATHWAY,random,complete,19,19,1,18,18,0,False,False,False,True,False,False,False,False,False,False,False,False,False,False,False,False,False,False,False,False,False,False,False,False,False,False,False,False,2,False,False,16,16,0,True,32,4,2,2,1,1,1,0,False,True,True,True,True,False,True,False,False,True,False,True,False,False,True,False,False,True,False,True,False,False,False,False,False,False,True,True,1,False,False,1,1,0,True,2,2,True,True,1,True,AND,
050,CD4-T-CELL-SIGNALING,first,complete,188,188,34,154,154,0,False,False,False,False,False,False,False,False,False,False,False,False,False,False,False,False,False,False,False,False,False,False,False,False,False,False,False,False,4,False,False,314,31,1,True,346,10,41,41,34,7,7,0,False,False,False,False,False,False,False,False,False,False,False,False,False,False,False,False,False,False,False,False,False,False,False,False,False,False,True,True,7,False,False,49,20,3,True,72,18,True,False,257,False,,
050,CD4-T-CELL-SIGNALING,min_degree,complete,188,188,34,154,154,0,False,False,False,False,False,False,False,False,False,False,False,False,False,False,False,False,False,False,False,False,False,False,False,False,False,False,False,False,4,False,False,314,31,1,True,346,10,41,41,34,7,7,0,False,False,False,False,False,False,False,False,False,False,False,False,False,False,False,False,False,False,False,False,False,False,False,False,False,False,True,True,7,False,False,49,20,3,True,72,18,True,False,257,False,,
050,CD4-T-CELL-SIGNALING,min_growth,complete,188,188,34,154,154,0,False,False,False,False,False,False,False,False,False,False,False,False,False,False,False,False,False,False,False,False,False,False,False,False,False,False,False,False,4,False,False,314,31,1,True,346,10,41,41,34,7,7,0,False,False,False,False,False,False,False,False,False,False,False,False,False,False,False,False,False,False,False,False,False,False,False,False,False,False,True,True,7,False,False,49,20,3,True,72,18,True,False,257,False,,
050,CD4-T-CELL-SIGNALING,random,complete,188,188,34,154,154,0,False,False,False,False,False,False,False,False,False,False,False,False,False,False,False,False,False,False,False,False,False,False,False,False,False,False,False,False,4,False,False,314,31,1,True,346,10,41,41,34,7,7,0,False,False,False,False,False,False,False,False,False,False,False,False,False,False,False,False,False,False,False,False,False,False,False,False,False,False,True,True,7,False,False,49,20,3,True,72,18,True,False,257,False,,
051,COLITIS-ASSOCIATED-COLON-CANCER,first,complete,70,70,1,69,69,0,False,False,False,True,False,False,False,False,False,False,False,False,False,False,False,False,False,False,False,False,False,False,False,False,False,False,False,False,0,False,False,106,47,0,True,153,5,12,12,1,11,11,0,False,False,False,False,False,False,False,False,False,False,False,False,False,False,False,False,False,False,False,False,False,False,False,False,False,False,True,True,11,False,False,32,31,9,True,72,11,True,True,2,False,,
051,COLITIS-ASSOCIATED-COLON-CANCER,min_degree,complete,70,70,1,69,69,0,False,False,False,True,False,False,False,False,False,False,False,False,False,False,False,False,False,False,False,False,False,False,False,False,False,False,False,False,0,False,False,106,47,0,True,153,5,11,11,1,10,10,0,False,False,False,False,False,False,False,False,False,False,False,False,False,False,False,False,False,False,False,False,False,False,False,False,False,False,True,True,10,False,False,24,21,6,True,51,8,True,True,2,False,,
051,COLITIS-ASSOCIATED-COLON-CANCER,min_growth,complete,70,70,1,69,69,0,False,False,False,True,False,False,False,False,False,False,False,False,False,False,False,False,False,False,False,False,False,False,False,False,False,False,False,False,0,False,False,106,47,0,True,153,5,11,11,1,10,10,0,False,False,False,False,False,False,False,False,False,False,False,False,False,False,False,False,False,False,False,False,False,False,False,False,False,False,True,True,10,False,False,22,22,2,True,46,8,True,True,2,False,,
051,COLITIS-ASSOCIATED-COLON-CANCER,random,complete,70,70,1,69,69,0,False,False,False,True,False,False,False,False,False,False,False,False,False,False,False,False,False,False,False,False,False,False,False,False,False,False,False,False,0,False,False,106,47,0,True,153,5,13,13,1,12,12,0,False,False,False,False,False,False,False,False,False,False,False,False,False,False,False,False,False,False,False,False,False,False,False,False,False,False,True,True,12,False,False,44,23,6,True,73,10,True,True,2,False,,
052,SEPTATION-INITIATION-NETWORK,first,complete,31,31,8,23,23,0,False,False,False,False,False,False,False,False,False,False,False,False,False,False,False,False,False,False,False,False,False,False,False,False,False,False,False,False,0,False,False,33,12,1,True,46,4,10,10,8,2,2,0,False,False,False,False,False,False,False,False,False,False,False,False,False,False,False,False,False,False,False,False,False,False,False,False,False,False,True,True,2,False,False,4,1,1,True,6,5,True,False,257,False,,
052,SEPTATION-INITIATION-NETWORK,min_degree,complete,31,31,8,23,23,0,False,False,False,False,False,False,False,False,False,False,False,False,False,False,False,False,False,False,False,False,False,False,False,False,False,False,False,False,0,False,False,33,12,1,True,46,4,10,10,8,2,2,0,False,True,True,True,False,True,True,False,False,False,True,True,False,False,True,False,False,False,True,False,True,False,False,False,False,False,True,True,2,False,True,3,1,0,True,4,3,True,False,257,False,OR,
052,SEPTATION-INITIATION-NETWORK,min_growth,complete,31,31,8,23,23,0,False,False,False,False,False,False,False,False,False,False,False,False,False,False,False,False,False,False,False,False,False,False,False,False,False,False,False,False,0,False,False,33,12,1,True,46,4,10,10,8,2,2,0,False,True,True,True,False,True,True,False,False,False,True,True,False,False,True,False,False,False,True,False,True,False,False,False,False,False,True,True,2,False,True,3,1,0,True,4,3,True,False,257,False,OR,
052,SEPTATION-INITIATION-NETWORK,random,complete,31,31,8,23,23,0,False,False,False,False,False,False,False,False,False,False,False,False,False,False,False,False,False,False,False,False,False,False,False,False,False,False,False,False,0,False,False,33,12,1,True,46,4,11,11,8,3,3,0,False,False,False,False,False,False,False,False,False,False,False,False,False,False,False,False,False,False,False,False,False,False,False,False,False,False,True,True,3,False,False,14,1,1,True,16,7,True,False,257,False,,
053,PREDICTING-VARIABILITIES-IN-CARDIAC-GENE,first,complete,15,15,2,13,13,0,False,False,False,True,False,False,False,False,False,False,False,False,False,False,False,False,False,False,False,False,False,False,False,False,False,False,False,False,1,False,False,30,7,0,True,37,7,4,4,2,2,2,0,False,False,False,True,False,False,False,False,False,False,False,False,False,False,False,False,False,False,False,False,False,False,False,False,False,False,True,True,2,False,False,6,1,0,True,7,4,True,True,6,False,,
053,PREDICTING-VARIABILITIES-IN-CARDIAC-GENE,min_degree,complete,15,15,2,13,13,0,False,False,False,True,False,False,False,False,False,False,False,False,False,False,False,False,False,False,False,False,False,False,False,False,False,False,False,False,1,False,False,30,7,0,True,37,7,4,4,2,2,2,0,False,False,False,True,False,False,False,False,False,False,False,False,False,False,False,False,False,False,False,False,False,False,False,False,False,False,True,True,2,False,False,6,1,0,True,7,4,True,True,6,False,,
053,PREDICTING-VARIABILITIES-IN-CARDIAC-GENE,min_growth,complete,15,15,2,13,13,0,False,False,False,True,False,False,False,False,False,False,False,False,False,False,False,False,False,False,False,False,False,False,False,False,False,False,False,False,1,False,False,30,7,0,True,37,7,4,4,2,2,2,0,False,False,False,True,False,False,False,False,False,False,False,False,False,False,False,False,False,False,False,False,False,False,False,False,False,False,True,True,2,False,False,6,1,0,True,7,4,True,True,6,False,,
053,PREDICTING-VARIABILITIES-IN-CARDIAC-GENE,random,complete,15,15,2,13,13,0,False,False,False,True,False,False,False,False,False,False,False,False,False,False,False,False,False,False,False,False,False,False,False,False,False,False,False,False,1,False,False,30,7,0,True,37,7,4,4,2,2,2,0,False,False,False,True,False,False,False,False,False,False,False,False,False,False,False,False,False,False,False,False,False,False,False,False,False,False,True,True,2,False,False,6,1,0,True,7,4,True,True,6,False,,
054,PC12-CELL-DIFFERENTIATION,first,complete,62,62,1,61,61,0,False,True,True,True,False,True,True,False,True,False,True,True,True,True,True,True,True,False,True,False,True,True,False,True,False,False,False,False,0,True,True,108,0,0,True,108,4,3,3,1,2,2,0,False,True,True,True,False,True,True,False,True,False,True,True,True,True,True,True,True,False,True,False,True,True,False,True,False,False,True,True,2,True,True,6,0,0,True,6,3,True,True,3,True,OR,OR
054,PC12-CELL-DIFFERENTIATION,min_degree,complete,62,62,1,61,61,0,False,True,True,True,False,True,True,False,True,False,True,True,True,True,True,True,True,False,True,False,True,True,False,True,False,False,False,False,0,True,True,108,0,0,True,108,4,2,2,1,1,1,0,False,True,True,True,False,True,True,False,True,False,True,True,True,True,True,True,True,False,True,False,True,True,False,True,False,False,True,True,1,True,True,2,0,0,True,2,2,True,True,3,True,OR,OR
054,PC12-CELL-DIFFERENTIATION,min_growth,complete,62,62,1,61,61,0,False,True,True,True,False,True,True,False,True,False,True,True,True,True,True,True,True,False,True,False,True,True,False,True,False,False,False,False,0,True,True,108,0,0,True,108,4,2,2,1,1,1,0,False,True,True,True,False,True,True,False,True,False,True,True,True,True,True,True,True,False,True,False,True,True,False,True,False,False,True,True,1,True,True,2,0,0,True,2,2,True,True,3,True,OR,OR
054,PC12-CELL-DIFFERENTIATION,random,complete,62,62,1,61,61,0,False,True,True,True,False,True,True,False,True,False,True,True,True,True,True,True,True,False,True,False,True,True,False,True,False,False,False,False,0,True,True,108,0,0,True,108,4,3,3,1,2,2,0,False,True,True,True,False,True,True,False,True,False,True,True,True,True,True,True,True,False,True,False,True,True,False,True,False,False,True,True,2,True,True,6,0,0,True,6,3,True,True,3,True,OR,OR
055,HUMAN-GONADAL-SEX-DETERMINATION,first,complete,19,19,0,19,19,0,False,False,False,True,False,False,False,False,False,False,False,False,False,False,False,False,False,False,False,False,False,False,False,False,False,False,False,False,3,False,False,48,27,0,True,75,8,6,6,0,6,6,0,False,False,False,True,False,False,False,False,False,False,False,False,False,False,False,False,False,False,False,False,False,False,False,False,False,False,True,True,6,False,False,18,11,0,True,29,6,True,True,3,False,,
055,HUMAN-GONADAL-SEX-DETERMINATION,min_degree,complete,19,19,0,19,19,0,False,False,False,True,False,False,False,False,False,False,False,False,False,False,False,False,False,False,False,False,False,False,False,False,False,False,False,False,3,False,False,48,27,0,True,75,8,7,7,0,7,7,0,False,False,False,True,False,False,False,False,False,False,False,False,False,False,False,False,False,False,False,False,False,False,False,False,False,False,True,True,7,False,False,20,14,0,True,34,6,True,True,3,False,,
055,HUMAN-GONADAL-SEX-DETERMINATION,min_growth,complete,19,19,0,19,19,0,False,False,False,True,False,False,False,False,False,False,False,False,False,False,False,False,False,False,False,False,False,False,False,False,False,False,False,False,3,False,False,48,27,0,True,75,8,7,7,0,7,7,0,False,False,False,True,False,False,False,False,False,False,False,False,False,False,False,False,False,False,False,False,False,False,False,False,False,False,True,True,7,False,False,20,14,0,True,34,6,True,True,3,False,,
055,HUMAN-GONADAL-SEX-DETERMINATION,random,complete,19,19,0,19,19,0,False,False,False,True,False,False,False,False,False,False,False,False,False,False,False,False,False,False,False,False,False,False,False,False,False,False,False,False,3,False,False,48,27,0,True,75,8,6,6,0,6,6,0,False,False,False,True,False,False,False,False,False,False,False,False,False,False,False,False,False,False,False,False,False,False,False,False,False,False,True,True,6,False,False,18,11,0,True,29,6,True,True,3,False,,
056,IGVH-MUTATIONS-IN-LYMPHOCYTIC-LEUKEMIA,first,complete,91,91,25,66,65,1,False,False,False,True,False,False,False,False,False,False,False,False,False,False,False,False,False,False,False,False,False,False,False,False,False,False,False,False,0,False,False,72,28,0,True,100,5,26,26,25,1,1,0,False,True,True,True,True,False,True,False,False,True,False,True,False,False,True,False,False,True,False,True,False,False,False,False,False,False,True,True,1,False,False,2,1,0,True,3,3,True,False,257,True,AND,
056,IGVH-MUTATIONS-IN-LYMPHOCYTIC-LEUKEMIA,min_degree,complete,91,91,25,66,65,1,False,False,False,True,False,False,False,False,False,False,False,False,False,False,False,False,False,False,False,False,False,False,False,False,False,False,False,False,0,False,False,72,28,0,True,100,5,28,28,25,3,3,0,False,False,False,True,False,False,False,False,False,False,False,False,False,False,False,False,False,False,False,False,False,False,False,False,False,False,True,True,3,False,False,7,6,0,True,13,6,True,False,257,False,,
056,IGVH-MUTATIONS-IN-LYMPHOCYTIC-LEUKEMIA,min_growth,complete,91,91,25,66,65,1,False,False,False,True,False,False,False,False,False,False,False,False,False,False,False,False,False,False,False,False,False,False,False,False,False,False,False,False,0,False,False,72,28,0,True,100,5,28,28,25,3,3,0,False,False,False,True,False,False,False,False,False,False,False,False,False,False,False,False,False,False,False,False,False,False,False,False,False,False,True,True,3,False,False,7,6,0,True,13,6,True,False,257,False,,
056,IGVH-MUTATIONS-IN-LYMPHOCYTIC-LEUKEMIA,random,complete,91,91,25,66,65,1,False,False,False,True,False,False,False,False,False,False,False,False,False,False,False,False,False,False,False,False,False,False,False,False,False,False,False,False,0,False,False,72,28,0,True,100,5,28,28,25,3,3,0,False,False,False,True,False,False,False,False,False,False,False,False,False,False,False,False,False,False,False,False,False,False,False,False,False,False,True,True,3,False,False,7,6,0,True,13,6,True,False,257,False,,
057,FANCONI-ANEMIA-AND-CHECKPOINT-RECOVERY,first,complete,15,15,0,15,15,0,False,False,False,False,False,False,False,False,False,False,False,False,False,False,False,False,False,False,False,False,False,False,False,False,False,False,False,False,2,False,False,38,25,1,True,64,8,9,9,0,9,9,0,False,False,False,False,False,False,False,False,False,False,False,False,False,False,False,False,False,False,False,False,False,False,False,False,False,False,True,True,9,False,False,29,35,2,True,66,9,True,True,0,False,,
057,FANCONI-ANEMIA-AND-CHECKPOINT-RECOVERY,min_degree,complete,15,15,0,15,15,0,False,False,False,False,False,False,False,False,False,False,False,False,False,False,False,False,False,False,False,False,False,False,False,False,False,False,False,False,2,False,False,38,25,1,True,64,8,5,5,0,5,5,0,False,False,False,False,False,False,False,False,False,False,False,False,False,False,False,False,False,False,False,False,False,False,False,False,False,False,True,True,5,False,False,7,9,1,True,17,4,True,True,0,False,,
057,FANCONI-ANEMIA-AND-CHECKPOINT-RECOVERY,min_growth,complete,15,15,0,15,15,0,False,False,False,False,False,False,False,False,False,False,False,False,False,False,False,False,False,False,False,False,False,False,False,False,False,False,False,False,2,False,False,38,25,1,True,64,8,5,5,0,5,5,0,False,False,False,False,False,False,False,False,False,False,False,False,False,False,False,False,False,False,False,False,False,False,False,False,False,False,True,True,5,False,False,8,8,2,True,18,4,True,True,0,False,,
057,FANCONI-ANEMIA-AND-CHECKPOINT-RECOVERY,random,complete,15,15,0,15,15,0,False,False,False,False,False,False,False,False,False,False,False,False,False,False,False,False,False,False,False,False,False,False,False,False,False,False,False,False,2,False,False,38,25,1,True,64,8,7,7,0,7,7,0,False,False,False,False,False,False,False,False,False,False,False,False,False,False,False,False,False,False,False,False,False,False,False,False,False,False,True,True,7,False,False,16,18,2,True,36,7,True,True,0,False,,
058,ARABIDOPSIS-THALIANA-CELL-CYCLE,first,complete,14,14,0,14,14,0,False,False,False,True,False,False,False,False,False,False,False,False,False,False,False,False,False,False,False,False,False,False,False,False,False,False,False,False,3,False,False,34,32,0,True,66,8,2,2,0,2,2,0,False,False,False,True,False,False,True,False,False,False,False,True,False,False,False,False,False,False,False,False,False,False,False,False,False,True,True,True,2,False,False,2,2,0,True,4,2,True,True,0,False,,
058,ARABIDOPSIS-THALIANA-CELL-CYCLE,min_degree,complete,14,14,0,14,14,0,False,False,False,True,False,False,False,False,False,False,False,False,False,False,False,False,False,False,False,False,False,False,False,False,False,False,False,False,3,False,False,34,32,0,True,66,8,2,2,0,2,2,0,False,False,False,True,False,False,True,False,False,False,False,True,False,False,False,False,False,False,False,False,False,False,False,False,False,True,True,True,2,False,False,2,2,0,True,4,2,True,True,0,False,,
058,ARABIDOPSIS-THALIANA-CELL-CYCLE,min_growth,complete,14,14,0,14,14,0,False,False,False,True,False,False,False,False,False,False,False,False,False,False,False,False,False,False,False,False,False,False,False,False,False,False,False,False,3,False,False,34,32,0,True,66,8,2,2,0,2,2,0,False,False,False,True,False,False,True,False,False,False,False,True,False,False,False,False,False,False,False,False,False,False,False,False,False,True,True,True,2,False,False,2,2,0,True,4,2,True,True,0,False,,
058,ARABIDOPSIS-THALIANA-CELL-CYCLE,random,complete,14,14,0,14,14,0,False,False,False,True,False,False,False,False,False,False,False,False,False,False,False,False,False,False,False,False,False,False,False,False,False,False,False,False,3,False,False,34,32,0,True,66,8,2,2,0,2,2,0,False,False,False,True,False,False,True,False,False,False,False,True,False,False,False,False,False,False,False,False,False,False,False,False,False,True,True,True,2,False,False,2,2,0,True,4,2,True,True,0,False,,
059,BORTEZOMIB-RESPONSES-IN-MYELOMA-CELLS,first,complete,67,67,5,62,62,0,False,False,False,True,False,False,False,False,False,False,False,False,False,False,False,False,False,False,False,False,False,False,False,False,False,False,False,False,1,False,False,88,38,0,True,126,5,10,10,5,5,5,0,False,False,False,True,False,False,False,False,False,False,False,False,False,False,False,False,False,False,False,False,False,False,False,False,False,False,True,True,5,False,False,18,7,0,True,25,10,True,True,83,False,,
059,BORTEZOMIB-RESPONSES-IN-MYELOMA-CELLS,min_degree,complete,67,67,5,62,62,0,False,False,False,True,False,False,False,False,False,False,False,False,False,False,False,False,False,False,False,False,False,False,False,False,False,False,False,False,1,False,False,88,38,0,True,126,5,10,10,5,5,5,0,False,False,False,True,False,False,False,False,False,False,False,False,False,False,False,False,False,False,False,False,False,False,False,False,False,False,True,True,5,False,False,16,6,0,True,22,8,True,True,83,False,,
059,BORTEZOMIB-RESPONSES-IN-MYELOMA-CELLS,min_growth,complete,67,67,5,62,62,0,False,False,False,True,False,False,False,False,False,False,False,False,False,False,False,False,False,False,False,False,False,False,False,False,False,False,False,False,1,False,False,88,38,0,True,126,5,10,10,5,5,5,0,False,False,False,True,False,False,False,False,False,False,False,False,False,False,False,False,False,False,False,False,False,False,False,False,False,False,True,True,5,False,False,16,6,0,True,22,8,True,True,83,False,,
059,BORTEZOMIB-RESPONSES-IN-MYELOMA-CELLS,random,complete,67,67,5,62,62,0,False,False,False,True,False,False,False,False,False,False,False,False,False,False,False,False,False,False,False,False,False,False,False,False,False,False,False,False,1,False,False,88,38,0,True,126,5,10,10,5,5,5,0,False,False,False,True,False,False,False,False,False,False,False,False,False,False,False,False,False,False,False,False,False,False,False,False,False,False,True,True,5,False,False,16,5,0,True,21,8,True,True,83,False,,
060,STOMATAL-OPENING,first,complete,49,49,5,44,44,0,False,False,False,False,False,False,False,False,False,False,False,False,False,False,False,False,False,False,False,False,False,False,False,False,False,False,False,False,2,False,False,104,37,26,True,167,9,8,8,5,3,3,0,False,False,False,False,False,False,False,False,False,False,False,False,False,False,False,False,False,False,False,False,False,False,False,False,False,False,True,True,3,False,False,11,6,3,True,20,8,True,True,36,False,,
060,STOMATAL-OPENING,min_degree,complete,49,49,5,44,44,0,False,False,False,False,False,False,False,False,False,False,False,False,False,False,False,False,False,False,False,False,False,False,False,False,False,False,False,False,2,False,False,104,37,26,True,167,9,8,8,5,3,3,0,False,False,False,False,False,False,False,False,False,False,False,False,False,False,False,False,False,False,False,False,False,False,False,False,False,False,True,True,3,False,False,11,6,3,True,20,8,True,True,36,False,,
060,STOMATAL-OPENING,min_growth,complete,49,49,5,44,44,0,False,False,False,False,False,False,False,False,False,False,False,False,False,False,False,False,False,False,False,False,False,False,False,False,False,False,False,False,2,False,False,104,37,26,True,167,9,8,8,5,3,3,0,False,False,False,False,False,False,False,False,False,False,False,False,False,False,False,False,False,False,False,False,False,False,False,False,False,False,True,True,3,False,False,11,6,3,True,20,8,True,True,36,False,,
060,STOMATAL-OPENING,random,complete,49,49,5,44,44,0,False,False,False,False,False,False,False,False,False,False,False,False,False,False,False,False,False,False,False,False,False,False,False,False,False,False,False,False,2,False,False,104,37,26,True,167,9,8,8,5,3,3,0,False,False,False,True,False,False,False,False,False,False,False,False,False,False,False,False,False,False,False,False,False,False,False,False,False,False,True,True,3,False,False,11,9,0,True,20,8,True,True,36,False,,
061,TUMOR-MICROENVIRONMENT-IN-LYMPHOBLASTIC-LEUKEAMIA,first,complete,26,26,2,24,24,0,False,False,False,True,False,False,False,False,False,False,False,False,False,False,False,False,False,False,False,False,False,False,False,False,False,False,False,False,1,False,False,53,26,0,True,79,9,5,5,2,3,3,0,False,False,False,False,False,False,False,False,False,False,False,False,False,False,False,False,False,False,False,False,False,False,False,False,False,False,True,True,3,False,False,6,5,1,True,12,5,True,True,2,False,,
061,TUMOR-MICROENVIRONMENT-IN-LYMPHOBLASTIC-LEUKEAMIA,min_degree,complete,26,26,2,24,24,0,False,False,False,True,False,False,False,False,False,False,False,False,False,False,False,False,False,False,False,False,False,False,False,False,False,False,False,False,1,False,False,53,26,0,True,79,9,5,5,2,3,3,0,False,False,False,False,False,False,False,False,False,False,False,False,False,False,False,False,False,False,False,False,False,False,False,False,False,False,True,True,3,False,False,6,5,1,True,12,5,True,True,2,False,,
061,TUMOR-MICROENVIRONMENT-IN-LYMPHOBLASTIC-LEUKEAMIA,min_growth,complete,26,26,2,24,24,0,False,False,False,True,False,False,False,False,False,False,False,False,False,False,False,False,False,False,False,False,False,False,False,False,False,False,False,False,1,False,False,53,26,0,True,79,9,3,3,2,1,1,0,False,True,True,True,True,False,True,False,False,True,False,True,False,False,True,False,False,True,False,True,False,False,False,False,False,False,True,True,1,False,False,1,1,0,True,2,2,True,True,2,True,AND,
061,TUMOR-MICROENVIRONMENT-IN-LYMPHOBLASTIC-LEUKEAMIA,random,complete,26,26,2,24,24,0,False,False,False,True,False,False,False,False,False,False,False,False,False,False,False,False,False,False,False,False,False,False,False,False,False,False,False,False,1,False,False,53,26,0,True,79,9,3,3,2,1,1,0,False,True,True,True,True,False,True,False,False,True,False,True,False,False,True,False,False,True,False,True,False,False,False,False,False,False,True,True,1,False,False,1,1,0,True,2,2,True,True,2,True,AND,
062,CD4-T-CELL-DIFFERENTIATION-AND-PLASTICITY,first,complete,18,18,6,12,12,0,False,False,False,True,False,False,False,False,False,False,False,False,False,False,False,False,False,False,False,False,False,False,False,False,False,False,False,False,9,False,False,37,41,0,True,78,10,15,15,6,9,9,0,False,False,False,True,False,False,False,False,False,False,False,False,False,False,False,False,False,False,False,False,False,False,False,False,False,False,True,True,9,False,False,28,25,0,True,53,8,True,False,257,False,,
062,CD4-T-CELL-DIFFERENTIATION-AND-PLASTICITY,min_degree,complete,18,18,6,12,12,0,False,False,False,True,False,False,False,False,False,False,False,False,False,False,False,False,False,False,False,False,False,False,False,False,False,False,False,False,9,False,False,37,41,0,True,78,10,15,15,6,9,9,0,False,False,False,True,False,False,False,False,False,False,False,False,False,False,False,False,False,False,False,False,False,False,False,False,False,False,True,True,9,False,False,28,25,0,True,53,8,True,False,257,False,,
062,CD4-T-CELL-DIFFERENTIATION-AND-PLASTICITY,min_growth,complete,18,18,6,12,12,0,False,False,False,True,False,False,False,False,False,False,False,False,False,False,False,False,False,False,False,False,False,False,False,False,False,False,False,False,9,False,False,37,41,0,True,78,10,15,15,6,9,9,0,False,False,False,True,False,False,False,False,False,False,False,False,False,False,False,False,False,False,False,False,False,False,False,False,False,False,True,True,9,False,False,28,25,0,True,53,8,True,False,257,False,,
062,CD4-T-CELL-DIFFERENTIATION-AND-PLASTICITY,random,complete,18,18,6,12,12,0,False,False,False,True,False,False,False,False,False,False,False,False,False,False,False,False,False,False,False,False,False,False,False,False,False,False,False,False,9,False,False,37,41,0,True,78,10,15,15,6,9,9,0,False,False,False,True,False,False,False,False,False,False,False,False,False,False,False,False,False,False,False,False,False,False,False,False,False,False,True,True,9,False,False,28,25,0,True,53,8,True,False,257,False,,
063,LAC-OPERON,first,complete,13,13,3,10,10,0,False,False,False,True,False,False,False,False,False,False,False,False,False,False,False,False,False,False,False,False,False,False,False,False,False,False,False,False,0,False,True,13,9,0,True,22,4,5,5,3,2,2,0,False,True,True,True,False,False,False,False,False,False,False,False,False,False,False,False,False,False,False,False,False,False,False,False,False,False,True,True,2,False,True,6,4,0,True,10,5,True,True,9,False,,
063,LAC-OPERON,min_degree,complete,13,13,3,10,10,0,False,False,False,True,False,False,False,False,False,False,False,False,False,False,False,False,False,False,False,False,False,False,False,False,False,False,False,False,0,False,True,13,9,0,True,22,4,4,4,3,1,1,0,False,True,True,True,False,False,False,False,False,False,False,False,False,False,False,False,False,False,False,False,False,False,False,False,False,False,True,True,1,False,True,3,1,0,True,4,4,True,True,9,False,,
063,LAC-OPERON,min_growth,complete,13,13,3,10,10,0,False,False,False,True,False,False,False,False,False,False,False,False,False,False,False,False,False,False,False,False,False,False,False,False,False,False,False,False,0,False,True,13,9,0,True,22,4,4,4,3,1,1,0,False,True,True,True,False,False,False,False,False,False,False,False,False,False,False,False,False,False,False,False,False,False,False,False,False,False,True,True,1,False,True,3,1,0,True,4,4,True,True,9,False,,
063,LAC-OPERON,random,complete,13,13,3,10,10,0,False,False,False,True,False,False,False,False,False,False,False,False,False,False,False,False,False,False,False,False,False,False,False,False,False,False,False,False,0,False,True,13,9,0,True,22,4,4,4,3,1,1,0,False,True,True,True,False,False,False,False,False,False,False,False,False,False,False,False,False,False,False,False,False,False,False,False,False,False,True,True,1,False,True,3,1,0,True,4,4,True,True,9,False,,
064,METABOLIC-INTERACTIONS-IN-GUT-MICROBIOME,first,complete,12,12,4,8,8,0,False,False,False,True,False,False,False,False,False,False,False,False,False,False,False,False,False,False,False,False,False,False,False,False,False,False,False,False,5,False,False,21,6,0,True,27,5,8,8,4,4,4,0,False,False,False,True,False,False,False,False,False,False,False,False,False,False,False,False,False,False,False,False,False,False,False,False,False,False,True,True,4,False,True,11,6,0,True,17,5,True,True,40,False,,
064,METABOLIC-INTERACTIONS-IN-GUT-MICROBIOME,min_degree,complete,12,12,4,8,8,0,False,False,False,True,False,False,False,False,False,False,False,False,False,False,False,False,False,False,False,False,False,False,False,False,False,False,False,False,5,False,False,21,6,0,True,27,5,8,8,4,4,4,0,False,False,False,True,False,False,False,False,False,False,False,False,False,False,False,False,False,False,False,False,False,False,False,False,False,False,True,True,4,False,True,11,6,0,True,17,5,True,True,40,False,,
064,METABOLIC-INTERACTIONS-IN-GUT-MICROBIOME,min_growth,complete,12,12,4,8,8,0,False,False,False,True,False,False,False,False,False,False,False,False,False,False,False,False,False,False,False,False,False,False,False,False,False,False,False,False,5,False,False,21,6,0,True,27,5,8,8,4,4,4,0,False,False,False,True,False,False,False,False,False,False,False,False,False,False,False,False,False,False,False,False,False,False,False,False,False,False,True,True,4,False,True,11,6,0,True,17,5,True,True,40,False,,
064,METABOLIC-INTERACTIONS-IN-GUT-MICROBIOME,random,complete,12,12,4,8,8,0,False,False,False,True,False,False,False,False,False,False,False,False,False,False,False,False,False,False,False,False,False,False,False,False,False,False,False,False,5,False,False,21,6,0,True,27,5,8,8,4,4,4,0,False,False,False,True,False,False,False,False,False,False,False,False,False,False,False,False,False,False,False,False,False,False,False,False,False,False,True,True,4,False,True,11,6,0,True,17,5,True,True,40,False,,
065,TUMOUR-CELL-INVASION-AND-MIGRATION,first,complete,32,32,2,30,30,0,False,False,False,True,False,False,False,False,False,False,False,False,False,False,False,False,False,False,False,False,False,False,False,False,False,False,False,False,1,False,False,80,76,0,True,156,8,7,7,2,5,5,0,False,False,False,True,False,False,False,False,False,False,False,False,False,False,False,False,False,False,False,False,False,False,False,False,False,False,True,True,5,False,False,14,15,0,True,29,6,True,True,9,False,,
065,TUMOUR-CELL-INVASION-AND-MIGRATION,min_degree,complete,32,32,2,30,30,0,False,False,False,True,False,False,False,False,False,False,False,False,False,False,False,False,False,False,False,False,False,False,False,False,False,False,False,False,1,False,False,80,76,0,True,156,8,7,7,2,5,5,0,False,False,False,False,False,False,False,False,False,False,False,False,False,False,False,False,False,False,False,False,False,False,False,False,False,False,True,True,5,False,False,14,9,1,True,24,6,True,True,9,False,,
065,TUMOUR-CELL-INVASION-AND-MIGRATION,min_growth,complete,32,32,2,30,30,0,False,False,False,True,False,False,False,False,False,False,False,False,False,False,False,False,False,False,False,False,False,False,False,False,False,False,False,False,1,False,False,80,76,0,True,156,8,6,6,2,4,4,0,False,False,False,True,False,False,False,False,False,False,False,False,False,False,False,False,False,False,False,False,False,False,False,False,False,False,True,True,4,False,False,11,6,0,True,17,6,True,True,9,False,,
065,TUMOUR-CELL-INVASION-AND-MIGRATION,random,complete,32,32,2,30,30,0,False,False,False,True,False,False,False,False,False,False,False,False,False,False,False,False,False,False,False,False,False,False,False,False,False,False,False,False,1,False,False,80,76,0,True,156,8,7,7,2,5,5,0,False,False,False,False,False,False,False,False,False,False,False,False,False,False,False,False,False,False,False,False,False,False,False,False,False,False,True,True,5,False,False,14,9,1,True,24,6,True,True,9,False,,
066,CD4-T-CELL-DIFFERENTIATION,first,complete,38,38,9,29,29,0,False,False,False,True,False,False,False,False,False,False,False,False,False,False,False,False,False,False,False,False,False,False,False,False,False,False,False,False,3,False,False,62,29,0,True,91,8,18,18,9,9,9,0,False,False,False,False,False,False,False,False,False,False,False,False,False,False,False,False,False,False,False,False,False,False,False,False,False,False,True,True,9,False,False,42,27,5,True,74,12,True,False,257,False,,
066,CD4-T-CELL-DIFFERENTIATION,min_degree,complete,38,38,9,29,29,0,False,False,False,True,False,False,False,False,False,False,False,False,False,False,False,False,False,False,False,False,False,False,False,False,False,False,False,False,3,False,False,62,29,0,True,91,8,17,17,9,8,8,0,False,False,False,False,False,False,False,False,False,False,False,False,False,False,False,False,False,False,False,False,False,False,False,False,False,False,True,True,8,False,False,28,24,6,True,58,10,True,False,257,False,,
066,CD4-T-CELL-DIFFERENTIATION,min_growth,complete,38,38,9,29,29,0,False,False,False,True,False,False,False,False,False,False,False,False,False,False,False,False,False,False,False,False,False,False,False,False,False,False,False,False,3,False,False,62,29,0,True,91,8,17,17,9,8,8,0,False,False,False,False,False,False,False,False,False,False,False,False,False,False,False,False,False,False,False,False,False,False,False,False,False,False,True,True,8,False,False,28,24,6,True,58,10,True,False,257,False,,
066,CD4-T-CELL-DIFFERENTIATION,random,complete,38,38,9,29,29,0,False,False,False,True,False,False,False,False,False,False,False,False,False,False,False,False,False,False,False,False,False,False,False,False,False,False,False,False,3,False,False,62,29,0,True,91,8,17,17,9,8,8,0,False,False,False,False,False,False,False,False,False,False,False,False,False,False,False,False,False,False,False,False,False,False,False,False,False,False,True,True,8,False,False,35,18,9,True,62,12,True,False,257,False,,
067,REGULATION-OF-L-ARABINOSE-OPERON,first,complete,13,13,4,9,9,0,False,False,False,True,False,False,False,False,False,False,False,False,False,False,False,False,False,False,False,False,False,False,False,False,False,False,False,False,0,False,False,15,2,0,True,17,3,5,5,4,1,1,0,False,True,True,True,False,False,False,False,False,False,False,False,False,False,False,False,False,False,False,False,False,False,False,False,False,False,True,True,1,False,True,4,1,0,True,5,5,True,True,17,False,,
067,REGULATION-OF-L-ARABINOSE-OPERON,min_degree,complete,13,13,4,9,9,0,False,False,False,True,False,False,False,False,False,False,False,False,False,False,False,False,False,False,False,False,False,False,False,False,False,False,False,False,0,False,False,15,2,0,True,17,3,5,5,4,1,1,0,False,True,True,True,False,False,False,False,False,False,False,False,False,False,False,False,False,False,False,False,False,False,False,False,False,False,True,True,1,False,True,4,1,0,True,5,5,True,True,17,False,,
067,REGULATION-OF-L-ARABINOSE-OPERON,min_growth,complete,13,13,4,9,9,0,False,False,False,True,False,False,False,False,False,False,False,False,False,False,False,False,False,False,False,False,False,False,False,False,False,False,False,False,0,False,False,15,2,0,True,17,3,5,5,4,1,1,0,False,True,True,True,False,False,False,False,False,False,False,False,False,False,False,False,False,False,False,False,False,False,False,False,False,False,True,True,1,False,True,4,1,0,True,5,5,True,True,17,False,,
067,REGULATION-OF-L-ARABINOSE-OPERON,random,complete,13,13,4,9,9,0,False,False,False,True,False,False,False,False,False,False,False,False,False,False,False,False,False,False,False,False,False,False,False,False,False,False,False,False,0,False,False,15,2,0,True,17,3,5,5,4,1,1,0,False,True,True,True,False,False,False,False,False,False,False,False,False,False,False,False,False,False,False,False,False,False,False,False,False,False,True,True,1,False,True,4,1,0,True,5,5,True,True,17,False,,
068,AURORA-KINASE-A-IN-NEUROBLASTOMA,first,complete,23,23,4,19,19,0,False,False,False,True,False,False,False,False,False,False,False,False,False,False,False,False,False,False,False,False,False,False,False,False,False,False,False,False,1,False,False,23,20,0,True,43,7,6,6,4,2,2,0,False,False,False,True,False,False,False,False,False,False,False,False,False,False,False,False,False,False,False,False,False,False,False,False,False,False,True,True,2,False,False,5,1,0,True,6,4,True,True,16,False,,
068,AURORA-KINASE-A-IN-NEUROBLASTOMA,min_degree,complete,23,23,4,19,19,0,False,False,False,True,False,False,False,False,False,False,False,False,False,False,False,False,False,False,False,False,False,False,False,False,False,False,False,False,1,False,False,23,20,0,True,43,7,6,6,4,2,2,0,False,False,False,True,False,False,False,False,False,False,False,False,False,False,False,False,False,False,False,False,False,False,False,False,False,False,True,True,2,False,False,5,1,0,True,6,4,True,True,16,False,,
068,AURORA-KINASE-A-IN-NEUROBLASTOMA,min_growth,complete,23,23,4,19,19,0,False,False,False,True,False,False,False,False,False,False,False,False,False,False,False,False,False,False,False,False,False,False,False,False,False,False,False,False,1,False,False,23,20,0,True,43,7,6,6,4,2,2,0,False,True,True,True,True,False,True,False,False,True,False,True,False,False,True,False,False,True,False,True,False,False,False,False,False,False,True,True,2,False,False,2,1,0,True,3,2,True,True,16,True,AND,
068,AURORA-KINASE-A-IN-NEUROBLASTOMA,random,complete,23,23,4,19,19,0,False,False,False,True,False,False,False,False,False,False,False,False,False,False,False,False,False,False,False,False,False,False,False,False,False,False,False,False,1,False,False,23,20,0,True,43,7,9,9,4,5,5,0,False,False,False,True,False,False,False,False,False,False,False,False,False,False,False,False,False,False,False,False,False,False,False,False,False,False,True,True,5,False,False,15,14,0,True,29,7,True,True,16,False,,
069,IRON-ACQUISITION-AND-STRESS-RESPONSE,first,complete,22,22,2,20,20,0,False,False,False,True,False,False,False,False,False,False,False,False,False,False,False,False,False,False,False,False,False,False,False,False,False,False,False,False,1,False,False,25,13,0,True,38,6,6,6,2,4,4,0,False,False,False,True,False,False,False,False,False,False,False,False,False,False,False,False,False,False,False,False,False,False,False,False,False,False,True,True,4,False,False,7,11,0,True,18,6,True,True,0,False,,
069,IRON-ACQUISITION-AND-STRESS-RESPONSE,min_degree,complete,22,22,2,20,20,0,False,False,False,True,False,False,False,False,False,False,False,False,False,False,False,False,False,False,False,False,False,False,False,False,False,False,False,False,1,False,False,25,13,0,True,38,6,3,3,2,1,1,0,False,True,True,True,True,True,True,False,False,True,True,True,False,True,True,True,True,True,True,True,True,True,False,False,True,True,True,True,1,False,False,0,1,0,False,1,1,True,True,0,True,AND,
069,IRON-ACQUISITION-AND-STRESS-RESPONSE,min_growth,complete,22,22,2,20,20,0,False,False,False,True,False,False,False,False,False,False,False,False,False,False,False,False,False,False,False,False,False,False,False,False,False,False,False,False,1,False,False,25,13,0,True,38,6,3,3,2,1,1,0,False,True,True,True,True,True,True,False,False,True,True,True,False,True,True,True,True,True,True,True,True,True,False,False,True,True,True,True,1,False,False,0,1,0,False,1,1,True,True,0,True,AND,
069,IRON-ACQUISITION-AND-STRESS-RESPONSE,random,complete,22,22,2,20,20,0,False,False,False,True,False,False,False,False,False,False,False,False,False,False,False,False,False,False,False,False,False,False,False,False,False,False,False,False,1,False,False,25,13,0,True,38,6,6,6,2,4,4,0,False,False,False,True,False,False,False,False,False,False,False,False,False,False,False,False,False,False,False,False,False,False,False,False,False,False,True,True,4,False,False,7,11,0,True,18,6,True,True,0,False,,
070,MAPK-CANCER-CELL-FATE,first,complete,53,53,4,49,49,0,False,False,False,True,False,False,False,False,False,False,False,False,False,False,False,False,False,False,False,False,False,False,False,False,False,False,False,False,0,False,False,83,21,0,True,104,5,10,10,4,6,6,0,False,False,False,False,False,False,False,False,False,False,False,False,False,False,False,False,False,False,False,False,False,False,False,False,False,False,True,True,6,False,False,25,14,2,True,41,9,True,True,12,False,,
070,MAPK-CANCER-CELL-FATE,min_degree,complete,53,53,4,49,49,0,False,False,False,True,False,False,False,False,False,False,False,False,False,False,False,False,False,False,False,False,False,False,False,False,False,False,False,False,0,False,False,83,21,0,True,104,5,10,10,4,6,6,0,False,False,False,True,False,False,False,False,False,False,False,False,False,False,False,False,False,False,False,False,False,False,False,False,False,False,True,True,6,False,False,19,12,0,True,31,7,True,True,12,False,,
070,MAPK-CANCER-CELL-FATE,min_growth,complete,53,53,4,49,49,0,False,False,False,True,False,False,False,False,False,False,False,False,False,False,False,False,False,False,False,False,False,False,False,False,False,False,False,False,0,False,False,83,21,0,True,104,5,10,10,4,6,6,0,False,False,False,True,False,False,False,False,False,False,False,False,False,False,False,False,False,False,False,False,False,False,False,False,False,False,True,True,6,False,False,19,12,0,True,31,7,True,True,12,False,,
070,MAPK-CANCER-CELL-FATE,random,complete,53,53,4,49,49,0,False,False,False,True,False,False,False,False,False,False,False,False,False,False,False,False,False,False,False,False,False,False,False,False,False,False,False,False,0,False,False,83,21,0,True,104,5,12,12,4,8,8,0,False,False,False,False,False,False,False,False,False,False,False,False,False,False,False,False,False,False,False,False,False,False,False,False,False,False,True,True,8,False,False,25,25,12,True,62,11,True,True,12,False,,
071,CASTRATION-RESISTANT-PROSTATE-CANCER,first,complete,42,42,14,28,28,0,False,False,False,True,False,False,False,False,False,False,False,False,False,False,False,False,False,False,False,False,False,False,False,False,False,False,False,False,0,False,True,34,17,0,True,51,5,14,14,14,0,0,0,True,True,False,True,False,False,False,False,False,False,False,False,False,False,False,False,False,False,False,False,False,False,False,False,False,True,True,True,0,False,True,0,0,0,False,0,0,True,False,257,True,,
071,CASTRATION-RESISTANT-PROSTATE-CANCER,min_degree,complete,42,42,14,28,28,0,False,False,False,True,False,False,False,False,False,False,False,False,False,False,False,False,False,False,False,False,False,False,False,False,False,False,False,False,0,False,True,34,17,0,True,51,5,14,14,14,0,0,0,True,True,False,True,False,False,False,False,False,False,False,False,False,False,False,False,False,False,False,False,False,False,False,False,False,True,True,True,0,False,True,0,0,0,False,0,0,True,False,257,True,,
071,CASTRATION-RESISTANT-PROSTATE-CANCER,min_growth,complete,42,42,14,28,28,0,False,False,False,True,False,False,False,False,False,False,False,False,False,False,False,False,False,False,False,False,False,False,False,False,False,False,False,False,0,False,True,34,17,0,True,51,5,14,14,14,0,0,0,True,True,False,True,False,False,False,False,False,False,False,False,False,False,False,False,False,False,False,False,False,False,False,False,False,True,True,True,0,False,True,0,0,0,False,0,0,True,False,257,True,,
071,CASTRATION-RESISTANT-PROSTATE-CANCER,random,complete,42,42,14,28,28,0,False,False,False,True,False,False,False,False,False,False,False,False,False,False,False,False,False,False,False,False,False,False,False,False,False,False,False,False,0,False,True,34,17,0,True,51,5,14,14,14,0,0,0,True,True,False,True,False,False,False,False,False,False,False,False,False,False,False,False,False,False,False,False,False,False,False,False,False,True,True,True,0,False,True,0,0,0,False,0,0,True,False,257,True,,
072,LYMPHOPOIESIS-REGULATORY-NETWORK,first,complete,81,81,14,67,67,0,False,False,False,True,False,False,False,False,False,False,False,False,False,False,False,False,False,False,False,False,False,False,False,False,False,False,False,False,8,False,False,108,50,0,True,158,9,24,24,14,10,10,0,False,False,False,False,False,False,False,False,False,False,False,False,False,False,False,False,False,False,False,False,False,False,False,False,False,False,True,True,10,False,False,60,62,17,True,139,22,True,False,257,False,,
072,LYMPHOPOIESIS-REGULATORY-NETWORK,min_degree,complete,81,81,14,67,67,0,False,False,False,True,False,False,False,False,False,False,False,False,False,False,False,False,False,False,False,False,False,False,False,False,False,False,False,False,8,False,False,108,50,0,True,158,9,24,24,14,10,10,0,False,False,False,False,False,False,False,False,False,False,False,False,False,False,False,False,False,False,False,False,False,False,False,False,False,False,True,True,10,False,False,60,62,17,True,139,22,True,False,257,False,,
072,LYMPHOPOIESIS-REGULATORY-NETWORK,min_growth,complete,81,81,14,67,67,0,False,False,False,True,False,False,False,False,False,False,False,False,False,False,False,False,False,False,False,False,False,False,False,False,False,False,False,False,8,False,False,108,50,0,True,158,9,24,24,14,10,10,0,False,False,False,False,False,False,False,False,False,False,False,False,False,False,False,False,False,False,False,False,False,False,False,False,False,False,True,True,10,False,False,60,62,17,True,139,22,True,False,257,False,,
072,LYMPHOPOIESIS-REGULATORY-NETWORK,random,complete,81,81,14,67,67,0,False,False,False,True,False,False,False,False,False,False,False,False,False,False,False,False,False,False,False,False,False,False,False,False,False,False,False,False,8,False,False,108,50,0,True,158,9,24,24,14,10,10,0,False,False,False,False,False,False,False,False,False,False,False,False,False,False,False,False,False,False,False,False,False,False,False,False,False,False,True,True,10,False,False,63,58,17,True,138,22,True,False,257,False,,
073,LYMPHOID-AND-MYELOID-CELL-SPECIFICATION,first,complete,34,34,3,31,31,0,False,False,False,False,False,False,False,False,False,False,False,False,False,False,False,False,False,False,False,False,False,False,False,False,False,False,False,False,2,False,False,68,23,5,True,96,10,8,8,3,5,5,0,False,False,False,False,False,False,False,False,False,False,False,False,False,False,False,False,False,False,False,False,False,False,False,False,False,False,True,True,5,False,False,14,8,9,True,31,7,True,True,26,False,,
073,LYMPHOID-AND-MYELOID-CELL-SPECIFICATION,min_degree,complete,34,34,3,31,31,0,False,False,False,False,False,False,False,False,False,False,False,False,False,False,False,False,False,False,False,False,False,False,False,False,False,False,False,False,2,False,False,68,23,5,True,96,10,8,8,3,5,5,0,False,False,False,False,False,False,False,False,False,False,False,False,False,False,False,False,False,False,False,False,False,False,False,False,False,False,True,True,5,False,False,15,5,5,True,25,6,True,True,26,False,,
073,LYMPHOID-AND-MYELOID-CELL-SPECIFICATION,min_growth,complete,34,34,3,31,31,0,False,False,False,False,False,False,False,False,False,False,False,False,False,False,False,False,False,False,False,False,False,False,False,False,False,False,False,False,2,False,False,68,23,5,True,96,10,8,8,3,5,5,0,False,False,False,False,False,False,False,False,False,False,False,False,False,False,False,False,False,False,False,False,False,False,False,False,False,False,True,True,5,False,False,15,5,5,True,25,6,True,True,26,False,,
073,LYMPHOID-AND-MYELOID-CELL-SPECIFICATION,random,complete,34,34,3,31,31,0,False,False,False,False,False,False,False,False,False,False,False,False,False,False,False,False,False,False,False,False,False,False,False,False,False,False,False,False,2,False,False,68,23,5,True,96,10,8,8,3,5,5,0,False,False,False,False,False,False,False,False,False,False,False,False,False,False,False,False,False,False,False,False,False,False,False,False,False,False,True,True,5,False,False,14,8,9,True,31,7,True,True,26,False,,
074,T-LGL-SURVIVAL-NETWORK-2011-REDUCED,first,complete,18,18,0,18,18,0,False,False,False,True,False,False,False,False,False,False,False,False,False,False,False,False,False,False,False,False,False,False,False,False,False,False,False,False,2,False,False,14,29,0,True,43,4,4,4,0,4,4,0,False,False,False,True,False,False,False,False,False,False,False,False,False,False,False,False,False,False,False,False,False,False,False,False,False,False,True,True,4,False,False,3,6,0,True,9,3,True,True,1,False,,
074,T-LGL-SURVIVAL-NETWORK-2011-REDUCED,min_degree,complete,18,18,0,18,18,0,False,False,False,True,False,False,False,False,False,False,False,False,False,False,False,False,False,False,False,False,False,False,False,False,False,False,False,False,2,False,False,14,29,0,True,43,4,4,4,0,4,4,0,False,False,False,True,False,False,False,False,False,False,False,False,False,False,False,False,False,False,False,False,False,False,False,False,False,False,True,True,4,False,False,3,6,0,True,9,3,True,True,1,False,,
074,T-LGL-SURVIVAL-NETWORK-2011-REDUCED,min_growth,complete,18,18,0,18,18,0,False,False,False,True,False,False,False,False,False,False,False,False,False,False,False,False,False,False,False,False,False,False,False,False,False,False,False,False,2,False,False,14,29,0,True,43,4,4,4,0,4,4,0,False,False,False,True,False,False,False,False,False,False,False,False,False,False,False,False,False,False,False,False,False,False,False,False,False,False,True,True,4,False,False,3,6,0,True,9,3,True,True,1,False,,
074,T-LGL-SURVIVAL-NETWORK-2011-REDUCED,random,complete,18,18,0,18,18,0,False,False,False,True,False,False,False,False,False,False,False,False,False,False,False,False,False,False,False,False,False,False,False,False,False,False,False,False,2,False,False,14,29,0,True,43,4,4,4,0,4,4,0,False,False,False,True,False,False,False,False,False,False,False,False,False,False,False,False,False,False,False,False,False,False,False,False,False,False,True,True,4,False,False,3,6,0,True,9,3,True,True,1,False,,
075,INFLAMMATORY-BOWEL-DISEASE,first,complete,47,47,0,47,47,0,False,False,False,False,False,False,False,False,False,False,False,False,False,False,False,False,False,False,False,False,False,False,False,False,False,False,False,False,19,False,False,197,86,4,True,287,20,20,20,0,20,20,0,False,False,False,False,False,False,False,False,False,False,False,False,False,False,False,False,False,False,False,False,False,False,False,False,False,False,True,True,20,False,False,60,140,40,True,240,17,True,True,0,False,,
075,INFLAMMATORY-BOWEL-DISEASE,min_degree,complete,47,47,0,47,47,0,False,False,False,False,False,False,False,False,False,False,False,False,False,False,False,False,False,False,False,False,False,False,False,False,False,False,False,False,19,False,False,197,86,4,True,287,20,19,19,0,19,19,0,False,False,False,False,False,False,False,False,False,False,False,False,False,False,False,False,False,False,False,False,False,False,False,False,False,False,True,True,19,False,False,66,63,34,True,163,13,True,True,0,False,,
075,INFLAMMATORY-BOWEL-DISEASE,min_growth,complete,47,47,0,47,47,0,False,False,False,False,False,False,False,False,False,False,False,False,False,False,False,False,False,False,False,False,False,False,False,False,False,False,False,False,19,False,False,197,86,4,True,287,20,19,19,0,19,19,0,False,False,False,False,False,False,False,False,False,False,False,False,False,False,False,False,False,False,False,False,False,False,False,False,False,False,True,True,19,False,False,66,63,34,True,163,13,True,True,0,False,,
075,INFLAMMATORY-BOWEL-DISEASE,random,complete,47,47,0,47,47,0,False,False,False,False,False,False,False,False,False,False,False,False,False,False,False,False,False,False,False,False,False,False,False,False,False,False,False,False,19,False,False,197,86,4,True,287,20,19,19,0,19,19,0,False,False,False,False,False,False,False,False,False,False,False,False,False,False,False,False,False,False,False,False,False,False,False,False,False,False,True,True,19,False,False,66,63,34,True,163,13,True,True,0,False,,
076,SENESCENCE-ASSOCIATED-SECRETORY-PHENOTYPE,first,complete,51,51,2,49,49,0,False,False,False,True,False,False,False,False,False,False,False,False,False,False,False,False,False,False,False,False,False,False,False,False,False,False,False,False,3,False,False,80,16,0,True,96,5,9,9,2,7,7,0,False,False,False,True,False,False,False,False,False,False,False,False,False,False,False,False,False,False,False,False,False,False,False,False,False,False,True,True,7,False,False,20,15,0,True,35,8,True,True,15,False,,
076,SENESCENCE-ASSOCIATED-SECRETORY-PHENOTYPE,min_degree,complete,51,51,2,49,49,0,False,False,False,True,False,False,False,False,False,False,False,False,False,False,False,False,False,False,False,False,False,False,False,False,False,False,False,False,3,False,False,80,16,0,True,96,5,9,9,2,7,7,0,False,False,False,True,False,False,False,False,False,False,False,False,False,False,False,False,False,False,False,False,False,False,False,False,False,False,True,True,7,False,False,20,15,0,True,35,8,True,True,15,False,,
076,SENESCENCE-ASSOCIATED-SECRETORY-PHENOTYPE,min_growth,complete,51,51,2,49,49,0,False,False,False,True,False,False,False,False,False,False,False,False,False,False,False,False,False,False,False,False,False,False,False,False,False,False,False,False,3,False,False,80,16,0,True,96,5,9,9,2,7,7,0,False,False,False,True,False,False,False,False,False,False,False,False,False,False,False,False,False,False,False,False,False,False,False,False,False,False,True,True,7,False,False,20,15,0,True,35,8,True,True,15,False,,
076,SENESCENCE-ASSOCIATED-SECRETORY-PHENOTYPE,random,complete,51,51,2,49,49,0,False,False,False,True,False,False,False,False,False,False,False,False,False,False,False,False,False,False,False,False,False,False,False,False,False,False,False,False,3,False,False,80,16,0,True,96,5,9,9,2,7,7,0,False,False,False,True,False,False,False,False,False,False,False,False,False,False,False,False,False,False,False,False,False,False,False,False,False,False,True,True,7,False,False,17,11,0,True,28,7,True,True,15,False,,
077,SIGNALLING-PATHWAY-FOR-BUTANOL-PRODUCTION,first,complete,66,66,13,53,53,0,False,False,False,True,False,False,False,False,False,False,False,False,False,False,False,False,False,False,False,False,False,False,False,False,False,False,False,False,1,False,False,102,32,0,True,134,7,16,16,13,3,3,0,False,False,False,False,False,False,False,False,False,False,False,False,False,False,False,False,False,False,False,False,False,False,False,False,False,False,True,True,3,False,False,8,6,1,True,15,5,True,False,257,False,,
077,SIGNALLING-PATHWAY-FOR-BUTANOL-PRODUCTION,min_degree,complete,66,66,13,53,53,0,False,False,False,True,False,False,False,False,False,False,False,False,False,False,False,False,False,False,False,False,False,False,False,False,False,False,False,False,1,False,False,102,32,0,True,134,7,16,16,13,3,3,0,False,False,False,False,False,False,False,False,False,False,False,False,False,False,False,False,False,False,False,False,False,False,False,False,False,False,True,True,3,False,False,8,6,1,True,15,5,True,False,257,False,,
077,SIGNALLING-PATHWAY-FOR-BUTANOL-PRODUCTION,min_growth,complete,66,66,13,53,53,0,False,False,False,True,False,False,False,False,False,False,False,False,False,False,False,False,False,False,False,False,False,False,False,False,False,False,False,False,1,False,False,102,32,0,True,134,7,16,16,13,3,3,0,False,False,False,False,False,False,False,False,False,False,False,False,False,False,False,False,False,False,False,False,False,False,False,False,False,False,True,True,3,False,False,8,6,1,True,15,5,True,False,257,False,,
077,SIGNALLING-PATHWAY-FOR-BUTANOL-PRODUCTION,random,complete,66,66,13,53,53,0,False,False,False,True,False,False,False,False,False,False,False,False,False,False,False,False,False,False,False,False,False,False,False,False,False,False,False,False,1,False,False,102,32,0,True,134,7,16,16,13,3,3,0,False,False,False,False,False,False,False,False,False,False,False,False,False,False,False,False,False,False,False,False,False,False,False,False,False,False,True,True,3,False,False,10,4,2,True,16,6,True,False,257,False,,
078,IMMUNE-SYSTEM,first,complete,164,164,13,151,151,0,False,False,False,False,False,False,False,False,False,False,False,False,False,False,False,False,False,False,False,False,False,False,False,False,False,False,False,False,11,False,False,403,77,2,True,482,20,40,40,13,27,27,0,False,False,False,False,False,False,False,False,False,False,False,False,False,False,False,False,False,False,False,False,False,False,False,False,False,False,True,True,27,False,False,185,244,23,True,452,34,True,False,257,False,,
078,IMMUNE-SYSTEM,min_degree,complete,164,164,13,151,151,0,False,False,False,False,False,False,False,False,False,False,False,False,False,False,False,False,False,False,False,False,False,False,False,False,False,False,False,False,11,False,False,403,77,2,True,482,20,34,34,13,21,21,0,False,False,False,False,False,False,False,False,False,False,False,False,False,False,False,False,False,False,False,False,False,False,False,False,False,False,True,True,21,False,False,124,128,23,True,275,25,True,False,257,False,,
078,IMMUNE-SYSTEM,min_growth,complete,164,164,13,151,151,0,False,False,False,False,False,False,False,False,False,False,False,False,False,False,False,False,False,False,False,False,False,False,False,False,False,False,False,False,11,False,False,403,77,2,True,482,20,34,34,13,21,21,0,False,False,False,False,False,False,False,False,False,False,False,False,False,False,False,False,False,False,False,False,False,False,False,False,False,False,True,True,21,False,False,124,128,23,True,275,25,True,False,257,False,,
078,IMMUNE-SYSTEM,random,complete,164,164,13,151,151,0,False,False,False,False,False,False,False,False,False,False,False,False,False,False,False,False,False,False,False,False,False,False,False,False,False,False,False,False,11,False,False,403,77,2,True,482,20,38,38,13,25,25,0,False,False,False,False,False,False,False,False,False,False,False,False,False,False,False,False,False,False,False,False,False,False,False,False,False,False,True,True,25,False,False,215,170,48,True,433,33,True,False,257,False,,
